source_name	source_type	source_id	target_name	target_type	target_id
alpha-1-macroglobulin	Protein	Unknown:Unknown	CFS	Disease	MONDO:0005404
IL-2	Protein	Unknown:Unknown	CFS/ME	Disease	MONDO:0005404
long COVID	Disease	MONDO:0100233	Endometriosis	Disease	MONDO:0005133
long COVID	Disease	MONDO:0100233	Amenorrhea	Disease	MONDO:0001836
long COVID	Disease	MONDO:0100233	Obesity	Disease	MONDO:0011122
NPY	Protein	Unknown:Unknown	CFS	Disease	MONDO:0005404
chronic fatigue syndrome	Disease	MONDO:0005404	S100A8	Gene	ENTREZ:6279
chronic fatigue syndrome	Disease	MONDO:0005404	S100A9	Gene	ENTREZ:6280
EGF	Gene	ENTREZ:1950	Calcium	Compound	DrugBank:DB01373
long COVID	Disease	MONDO:0100233	Remdesivir	Compound	DrugBank:DB14761
chronic fatigue syndrome	Disease	MONDO:0005404	heart	Anatomy	UBERON:0000948
chronic fatigue syndrome	Disease	MONDO:0005404	lung	Anatomy	UBERON:0002048
chronic fatigue syndrome	Disease	MONDO:0005404	premature menopause	Disease	MONDO:0001119
BCL2	Gene	ENTREZ:596	Palmitic Acid	Compound	DrugBank:DB03796
long COVID	Disease	MONDO:0100233	Magnesium	Compound	DrugBank:DB14513
chronic fatigue syndrome	Disease	MONDO:0005404	Vitamin E	Compound	DrugBank:DB00163
chronic fatigue syndrome	Disease	MONDO:0005404	brainstem	Anatomy	UBERON:0002298
Interleukin-10	Compound	DrugBank:DB12880	chronic fatigue syndrome	Disease	MONDO:0005404
IL-10	Gene	ENTREZ:3586	chronic fatigue syndrome	Disease	MONDO:0005404
ATP	Compound	DrugBank:DB00171	chronic fatigue syndrome	Disease	MONDO:0005404
Lactic acid	Compound	DrugBank:DB04398	chronic fatigue syndrome	Disease	MONDO:0005404
Memory Disorders	Symptom	SYMP:0000719	chronic fatigue syndrome	Disease	MONDO:0005404
Sleep Disorders	Symptom	SYMP:0000566	chronic fatigue syndrome	Disease	MONDO:0005404
Hyperhomocysteinemia	Disease	MONDO:0004743	Homocysteine	Compound	DrugBank:DB04422
SOD1	Gene	ENTREZ:6647	Copper	Compound	DrugBank:DB09130
IFN-γ	Protein	Unknown:Unknown	CFS/ME	Disease	MONDO:0005404
long COVID	Disease	MONDO:0100233	Fluvoxamine	Compound	DrugBank:DB00176
chronic fatigue syndrome	Disease	MONDO:0005404	Oxaloacetate Ion	Compound	DrugBank:DB02637
chronic fatigue syndrome	Disease	MONDO:0005404	Tocilizumab	Compound	DrugBank:DB06273
chronic fatigue syndrome	Disease	MONDO:0005404	breathing problems	Symptom	SYMP:0000868
long COVID	Disease	MONDO:0100233	Clopidogrel	Compound	DrugBank:DB00758
long COVID	Disease	MONDO:0100233	Nitroaspirin	Compound	DrugBank:DB12445
long COVID	Disease	MONDO:0100233	Pantoprazole	Compound	DrugBank:DB00213
chronic fatigue syndrome	Disease	MONDO:0005404	Magnesium	Compound	DrugBank:DB14513
long COVID	Disease	MONDO:0100233	Diarrhea	Symptom	SYMP:0000570
EGF	Gene	ENTREZ:1950	Dexamethasone	Compound	DrugBank:DB01234
BCL2	Gene	ENTREZ:596	Dexamethasone	Compound	DrugBank:DB01234
S100A9	Gene	ENTREZ:6280	Dexamethasone	Compound	DrugBank:DB01234
granulocyte-macrophage colony-stimulating factor	Gene	ENTREZ:1437	chronic fatigue syndrome	Disease	MONDO:0005404
S100A8	Gene	ENTREZ:6279	Dexamethasone	Compound	DrugBank:DB01234
SOD1	Gene	ENTREZ:6647	Palmitic Acid	Compound	DrugBank:DB03796
SOD1	Gene	ENTREZ:6647	Calcium	Compound	DrugBank:DB01373
S100A9	Gene	ENTREZ:6280	Calcium	Compound	DrugBank:DB01373
S100A8	Gene	ENTREZ:6279	Calcium	Compound	DrugBank:DB01373
CXCL8	Gene	ENTREZ:3576	Copper	Compound	DrugBank:DB09130
EGF	Gene	ENTREZ:1950	Copper	Compound	DrugBank:DB09130
chronic fatigue syndrome	Disease	MONDO:0005404	Metformin	Compound	DrugBank:DB00331
chronic fatigue syndrome	Disease	MONDO:0005404	Fenofibrate	Compound	DrugBank:DB01039
chronic fatigue syndrome	Disease	MONDO:0005404	Naltrexone	Compound	DrugBank:DB00704
SERPINE1	Gene	ENTREZ:5054	Copper	Compound	DrugBank:DB09130
long COVID	Disease	MONDO:0100233	Chills	Symptom	SYMP:0019174
lungs	Anatomy	MESH:D008168	long COVID	Disease	MONDO:0100233
long COVID	Disease	MONDO:0100233	Orthostatic Intolerance	Symptom	MESH:D054971
Pulmonary Fibrosis	Disease	MONDO:0002771	Acetylcholine	Compound	DrugBank:DB03128
BCL2	Gene	ENTREZ:596	Copper	Compound	DrugBank:DB09130
HMGB1	Gene	ENTREZ:3146	Copper	Compound	DrugBank:DB09130
redox status	BiologicalProcess	GO:0009455	ME/CFS	Disease	MONDO:0005404
ATP synthase subunit beta (ATPB)	Protein	Unknown:Unknown	Chronic fatigue syndrome (CFS)	Disease	MONDO:0005404
B2M	Gene	ENTREZ:567	Copper	Compound	DrugBank:DB09130
S100A8	Gene	ENTREZ:6279	Copper	Compound	DrugBank:DB09130
chronic fatigue syndrome	Disease	MONDO:0005404	Hydrocortisone	Compound	DrugBank:DB00741
chronic fatigue syndrome	Disease	MONDO:0005404	Folic acid	Compound	DrugBank:DB00158
IL-7	Protein	Unknown:Unknown	ME/CFS	Disease	MONDO:0005404
VEGF-A	Protein	Unknown:Unknown	ME/CFS	Disease	MONDO:0005404
CXCL8	Gene	ENTREZ:3576	Silver	Compound	DrugBank:DB12965
SERPINE1	Gene	ENTREZ:5054	Silver	Compound	DrugBank:DB12965
BCL2	Gene	ENTREZ:596	Silver	Compound	DrugBank:DB12965
SOD1	Gene	ENTREZ:6647	Silver	Compound	DrugBank:DB12965
chronic fatigue syndrome	Disease	MONDO:0005404	CXCL8	Gene	ENTREZ:3576
chronic fatigue syndrome	Disease	MONDO:0005404	B2M	Gene	ENTREZ:567
chronic fatigue syndrome	Disease	MONDO:0005404	SOD1	Gene	ENTREZ:6647
chronic fatigue syndrome	Disease	MONDO:0005404	BCL2	Gene	ENTREZ:596
chronic fatigue syndrome	Disease	MONDO:0005404	EGF	Gene	ENTREZ:1950
chronic fatigue syndrome	Disease	MONDO:0005404	SERPINE1	Gene	ENTREZ:5054
long COVID	Disease	MONDO:0100233	Naltrexone	Compound	DrugBank:DB00704
long COVID	Disease	MONDO:0100233	Homocysteine	Compound	DrugBank:DB04422
long COVID	Disease	MONDO:0100233	Folic acid	Compound	DrugBank:DB00158
long COVID	Disease	MONDO:0100233	Prednisone	Compound	DrugBank:DB00635
thrombosis	Disease	MONDO:0000831	Heparin	Compound	DrugBank:DB01109
long COVID	Disease	MONDO:0100233	Omega-3 fatty acids	Compound	DrugBank:DB11133
long COVID	Disease	MONDO:0100233	Quercetin	Compound	DrugBank:DB04216
long COVID	Disease	MONDO:0100233	Sulforaphane	Compound	DrugBank:DB12422
long COVID	Disease	MONDO:0100233	Curcumin	Compound	DrugBank:DB11672
long COVID	Disease	MONDO:0100233	Modafinil	Compound	DrugBank:DB00745
long COVID	Disease	MONDO:0100233	SERPINE1	Gene	ENTREZ:5054
interleukin-8 (IL-8)	Gene	ENTREZ:3576	chronic fatigue syndrome	Disease	MONDO:0005404
IL-12p70	Protein	Unknown:Unknown	ME/CFS	Disease	MONDO:0005404
IL-17F	Protein	Unknown:Unknown	ME/CFS	Disease	MONDO:0005404
G-CSF	Protein	Unknown:Unknown	ME/CFS	Disease	MONDO:0005404
long COVID	Disease	MONDO:0100233	S100A9	Gene	ENTREZ:6280
long COVID	Disease	MONDO:0100233	HMGB1	Gene	ENTREZ:3146
long COVID	Disease	MONDO:0100233	CD8A	Gene	ENTREZ:925
long COVID	Disease	MONDO:0100233	CXCL8	Gene	ENTREZ:3576
long COVID	Disease	MONDO:0100233	decreased appetite	Symptom	SYMP:0000245
long COVID	Disease	MONDO:0100233	palpitation	Symptom	SYMP:0000530
long COVID	Disease	MONDO:0100233	malaise	Symptom	SYMP:0019176
long COVID	Disease	MONDO:0100233	breathing problems	Symptom	SYMP:0000868
long COVID	Disease	MONDO:0100233	rash	Symptom	SYMP:0000487
long COVID	Disease	MONDO:0100233	hair loss	Symptom	SYMP:0000440
long COVID	Disease	MONDO:0100233	Primary Ovarian Insufficiency	Disease	MESH:D016649
chronic fatigue syndrome	Disease	MONDO:0005404	HMGB1	Gene	ENTREZ:3146
chronic fatigue syndrome	Disease	MONDO:0005404	CD8A	Gene	ENTREZ:925
long COVID	Disease	MONDO:0100233	Headache	Symptom	SYMP:0000504
Oxaloacetate Ion	Compound	DrugBank:DB02637	Kainic Acid	Compound	MESH:D007608
chronic fatigue syndrome	Disease	MONDO:0005404	TP53	Gene	ENTREZ:7157
chronic fatigue syndrome	Disease	MONDO:0005404	CDON	Gene	ENTREZ:50937
Oxaloacetate Ion	Compound	DrugBank:DB02637	Hydrogen peroxide	Compound	DrugBank:DB11091
Magnesium	Compound	DrugBank:DB14513	Vitamin D	Compound	DrugBank:DB11094
Selenium	Compound	DrugBank:DB11135	Selenocysteine	Compound	DrugBank:DB02345
long COVID	Disease	MONDO:0100233	Human immunoglobulin G	Compound	DrugBank:DB00028
chronic fatigue syndrome	Disease	MONDO:0005404	INSR	Gene	ENTREZ:3643
chronic fatigue syndrome	Disease	MONDO:0005404	SULF2	Gene	ENTREZ:55959
long COVID	Disease	MONDO:0100233	Oligomenorrhea	Disease	MESH:D009839
long COVID	Disease	MONDO:0100233	Premenstrual Syndrome	Disease	MESH:D011293
long COVID	Disease	MONDO:0100233	insomnia	Symptom	SYMP:0000571
long COVID	Disease	MONDO:0100233	ovarian dysfunction	Disease	MONDO:0001889
long COVID	Disease	MONDO:0100233	Cough	Symptom	SYMP:0000614
2-5A synthetase/RNase L pathway	Pathway	Unknown:Unknown	CFS	Disease	MONDO:0005404
long COVID	Disease	MONDO:0100233	anxiety	Symptom	SYMP:0000412
long COVID	Disease	MONDO:0100233	depression	Symptom	SYMP:0000022
long COVID	Disease	MONDO:0100233	palpitation	Symptom	SYMP:0000530
long COVID	Disease	MONDO:0100233	tachycardia	Symptom	SYMP:0000529
long COVID	Disease	MONDO:0100233	muscle tissue	Anatomy	UBERON:0002385
long COVID	Disease	MONDO:0100233	disorientation	Symptom	SYMP:0000023
long COVID	Disease	MONDO:0100233	S100A8	Gene	ENTREZ:6279
long COVID	Disease	MONDO:0100233	"24-Homo-1,25-dihydroxyvitamin D3"	Compound	DrugBank:DB15557
long COVID	Disease	MONDO:0100233	Tocilizumab	Compound	DrugBank:DB06273
long COVID	Disease	MONDO:0100233	Fenofibrate	Compound	DrugBank:DB01039
chronic fatigue syndrome	Disease	MONDO:0005404	Curcumin	Compound	DrugBank:DB11672
long COVID	Disease	MONDO:0100233	Myocarditis	Disease	MONDO:0004496
chronic fatigue syndrome	Disease	MONDO:0005404	Magnesium	Compound	DrugBank:DB14513
chronic fatigue syndrome	Disease	MONDO:0005404	kidney	Anatomy	UBERON:0002113
long COVID	Disease	MONDO:0100233	Butyrates	Compound	MESH:D002087
long COVID	Disease	MONDO:0100233	vagus nerve	Anatomy	UBERON:0001759
long COVID	Disease	MONDO:0100233	pons	Anatomy	UBERON:0000988
allergic	Symptom	SYMP:0000900	myalgic encephalomyelitis/chronic fatigue syndrome (ME/CFS)	Disease	MONDO:0005404
kidneys	Anatomy	MESH:D007668	long COVID	Disease	MONDO:0100233
fatigue	Symptom	SYMP:0019177	ME/CFS	Disease	MONDO:0005404
cognitive difficulties	Symptom	Unknown:Unknown	ME/CFS	Disease	MONDO:0005404
"CT38s (a short-lived, CRFR2-selective agonist, with no known off-target activity)"	Compound	Unknown:Unknown	Myalgic encephalomyelitis/chronic fatigue syndrome (ME/CFS)	Disease	MONDO:0005404
pain	Symptom	SYMP:0000099	myalgic encephalomyelitis/chronic fatigue syndrome (ME/CFS)	Disease	MONDO:0005404
sleep disturbance	Symptom	SYMP:0000566	myalgic encephalomyelitis/chronic fatigue syndrome (ME/CFS)	Disease	MONDO:0005404
fatigue	Symptom	SYMP:0019177	myalgic encephalomyelitis/chronic fatigue syndrome (ME/CFS)	Disease	MONDO:0005404
interleukin 1-β	Protein	Unknown:Unknown	Myalgic Encephalomyelitis or Chronic Fatigue Syndrome (ME/CFS)	Disease	MONDO:0005404
keratin 16	Protein	Unknown:Unknown	CFS	Disease	MONDO:0005404
orosomucoid 2	Protein	Unknown:Unknown	CFS	Disease	MONDO:0005404
CXCL1	Protein	Unknown:Unknown	Myalgic Encephalomyelitis or Chronic Fatigue Syndrome (ME/CFS)	Disease	MONDO:0005404
respiratory problems	Symptom	SYMP:0019153	long COVID	Disease	MONDO:0100233
oxygen-ozone autohemotherapy (O2-O3-AHT)	Compound	Unknown:Unknown	Myalgic Encephalomyelitis/Chronic Fatigue Syndrome (ME/CFS)	Disease	MONDO:0005404
homocysteine	Metabolite	HMDB:HMDB0000742	folate-mediated one-carbon metabolism (FOCM)	Pathway	Unknown:Unknown
fatigue	Symptom	MESH:D005221	WASF3	Gene	ENTREZ:10810
p38 MAPK regulatory pathway	Pathway	Unknown:Unknown	WASF3	Gene	ENTREZ:10810
long COVID	Disease	MONDO:0100233	Nausea	Symptom	SYMP:0000458
long COVID	Disease	MONDO:0100233	Sleep Disorders	Symptom	SYMP:0000566
Chest Pain	Disease	MESH:D002637	Sulodexide	Compound	DrugBank:DB06271
B2M	Gene	ENTREZ:567	Dexamethasone	Compound	DrugBank:DB01234
SERPINE1	Gene	ENTREZ:5054	Dexamethasone	Compound	DrugBank:DB01234
long COVID	Disease	MONDO:0100233	Ganciclovir	Compound	DrugBank:DB01004
long COVID	Disease	MONDO:0100233	Amitriptyline	Compound	DrugBank:DB00321
long COVID	Disease	MONDO:0100233	Vitamin E	Compound	DrugBank:DB00163
long COVID	Disease	MONDO:0100233	Resveratrol	Compound	DrugBank:DB02709
pigment epithelium-derived factor	Protein	Unknown:Unknown	CFS	Disease	MONDO:0005404
long COVID	Disease	MONDO:0100233	TP53	Gene	ENTREZ:7157
long COVID	Disease	MONDO:0100233	ear	Anatomy	UBERON:0001690
orthostatic intolerance	Symptom	MESH:D054971	myalgic encephalomyelitis/chronic fatigue syndrome (ME/CFS)	Disease	MONDO:0005404
IL-16	Protein	Unknown:Unknown	ME/CFS	Disease	MONDO:0005404
Faecalibacterium prausnitzii	Microbe	Unknown:Unknown	PACS	Disease	MONDO:0100233
Actinomyces naeslundii	Microbe	Unknown:Unknown	fatigue	Symptom	SYMP:0019177
malaise	Symptom	SYMP:0019176	long-haul COVID	Disease	MONDO:0100233
Streptococcus	Microbe	Unknown:Unknown	Chronic Fatigue Syndrome (CFS)	Disease	MONDO:0005404
Lactobacillus	Microbe	Unknown:Unknown	Chronic Fatigue Syndrome (CFS)	Disease	MONDO:0005404
IL-1α	Protein	Unknown:Unknown	myalgic encephalomyelitis/chronic fatigue syndrome (ME/CFS)	Disease	MONDO:0005404
IL-6	Protein	Unknown:Unknown	myalgic encephalomyelitis/chronic fatigue syndrome (ME/CFS)	Disease	MONDO:0005404
citrulline	Metabolite	HMDB:HMDB0000904	CFS	Disease	MONDO:0005404
IL-8	Protein	Unknown:Unknown	myalgic encephalomyelitis/chronic fatigue syndrome (ME/CFS)	Disease	MONDO:0005404
regulatory T (Tregs)	BiologicalProcess	Unknown:Unknown	Chronic Fatigue Syndrome/Myalgic Encephalomyelitis (CFS/ME)	Disease	MONDO:0005404
invariant Natural Killer T (iNKT)	BiologicalProcess	Unknown:Unknown	Chronic Fatigue Syndrome/Myalgic Encephalomyelitis (CFS/ME)	Disease	MONDO:0005404
rintatolimod	Compound	Unknown:Unknown	CFS/ME	Disease	MONDO:0005404
fatigue	Symptom	SYMP:0019177	long COVID	Disease	MONDO:0100233
loss of smell	Symptom	SYMP:0000551	long COVID	Disease	MONDO:0100233
loss of taste	Symptom	SYMP:0000551	long COVID	Disease	MONDO:0100233
muscle weakness	Symptom	SYMP:0000094	long COVID	Disease	MONDO:0100233
chest pain	Symptom	SYMP:0000576	long COVID	Disease	MONDO:0100233
Toll-Like Receptor 3 (TLR3)	Protein	Unknown:Unknown	rintatolimod	Compound	Unknown:Unknown
riboflavin	Pathway	KEGG:hsa00740	CFS	Disease	MONDO:0005404
cytosolic helicases	Protein	Unknown:Unknown	rintatolimod	Compound	Unknown:Unknown
2'-5' adenylate synthetase	Protein	Unknown:Unknown	rintatolimod	Compound	Unknown:Unknown
protein kinase R	Protein	Unknown:Unknown	rintatolimod	Compound	Unknown:Unknown
lipopolysaccharide (LPS)	Compound	MESH:D004731	ME/CFS	Disease	MONDO:0005404
LPS-binding protein (LBP)	Gene	Unknown:Unknown	ME/CFS	Disease	MONDO:0005404
soluble CD14 (sCD14)	Protein	Unknown:Unknown	ME/CFS	Disease	MONDO:0005404
phospholipid	Pathway	Unknown:Unknown	CFS	Disease	MONDO:0005404
cholesterol	Pathway	Unknown:Unknown	CFS	Disease	MONDO:0005404
purine	Pathway	Unknown:Unknown	CFS	Disease	MONDO:0005404
pyrroline-5-carboxylate	Pathway	Unknown:Unknown	CFS	Disease	MONDO:0005404
mitochondrial metabolism	Pathway	Unknown:Unknown	CFS	Disease	MONDO:0005404
peroxisomal	Pathway	REACT:R-HSA-390918	CFS	Disease	MONDO:0005404
muscle	Anatomy	MESH:D009132	ME/CFS	Disease	MONDO:0005404
CD26	Protein	Unknown:Unknown	ME/CFS	Disease	MONDO:0005404
isocitrate	Metabolite	HMDB:HMDB0304324	CFS	Disease	MONDO:0005404
DNA methylation modifications	BiologicalProcess	GO:0006306	glucocorticoid	Compound	MESH:D005938
DNA methylation modifications	BiologicalProcess	GO:0006306	hypothalamic-pituitary-adrenal (HPA) axis function	BiologicalProcess	Unknown:Unknown
hypothalamic-pituitary-adrenal (HPA) axis function	BiologicalProcess	Unknown:Unknown	ME/CFS	Disease	MONDO:0005404
activin B	Gene	Unknown:Unknown	CFS/ME	Disease	MONDO:0005404
TGF-β	Protein	Unknown:Unknown	ME/CFS	Disease	MONDO:0005404
resistin	Protein	Unknown:Unknown	ME/CFS	Disease	MONDO:0005404
CCL11 (Eotaxin-1)	Protein	Unknown:Unknown	ME/CFS	Disease	MONDO:0005404
Gliotoxin (GT)	Compound	MESH:D005912	Myalgic encephalomyelitis/chronic fatigue syndrome (ME/CFS)	Disease	MONDO:0005404
SARS-CoV-2 RNAemia	Disease	MONDO:0100318	Post-acute sequelae of COVID-19 (PASC)	Disease	MONDO:0100233
CXCL1 (GROα)	Protein	Unknown:Unknown	ME/CFS	Disease	MONDO:0005404
CXCL10 (IP-10)	Protein	Unknown:Unknown	ME/CFS	Disease	MONDO:0005404
CXCL9 (MIG)	Protein	Unknown:Unknown	fatigue	Symptom	MESH:D005221
IL-5	Protein	Unknown:Unknown	ME/CFS	Disease	MONDO:0005404
IL-4	Protein	Unknown:Unknown	ME/CFS	Disease	MONDO:0005404
IL-7	Protein	Unknown:Unknown	ME/CFS	Disease	MONDO:0005404
NK cytotoxic activity	BiologicalProcess	Unknown:Unknown	CFS/ME	Disease	MONDO:0005404
IL-13	Protein	Unknown:Unknown	ME/CFS	Disease	MONDO:0005404
GM-CSF	Protein	Unknown:Unknown	ME/CFS	Disease	MONDO:0005404
NGF	Protein	Unknown:Unknown	ME/CFS	Disease	MONDO:0005404
TGF-α	Protein	Unknown:Unknown	ME/CFS	Disease	MONDO:0005404
platelet activator inhibitor	Protein	Unknown:Unknown	Myalgic Encephalomyelitis or Chronic Fatigue Syndrome (ME/CFS)	Disease	MONDO:0005404
interferon-α	Protein	Unknown:Unknown	Myalgic Encephalomyelitis or Chronic Fatigue Syndrome (ME/CFS)	Disease	MONDO:0005404
type 2 diabetes	Disease	MONDO:0005148	Post-acute sequelae of COVID-19 (PASC)	Disease	MONDO:0100233
rituximab	Compound	DrugBank:DB00073	ME/CFS	Disease	MONDO:0005404
activin B	Protein	Unknown:Unknown	ME/CFS	Disease	MONDO:0005404
extracellular vesicles (EVs)	CellularComponent	GO:1903561	CFS/ME	Disease	MONDO:0005404
mitochondrial dysfunction	Pathway	Unknown:Unknown	ME/CFS	Disease	MONDO:0005404
coenzyme Q10	Compound	Unknown:Unknown	ME/CFS	Disease	MONDO:0005404
melatonin	Compound	DrugBank:DB01065	ME/CFS	Disease	MONDO:0005404
WASF3	Gene	ENTREZ:10810	CFS	Disease	MONDO:0005404
TNF-α	Protein	Unknown:Unknown	CFS/ME	Disease	MONDO:0005404
sphingolipid	Pathway	WikiPathways:WP1424	CFS	Disease	MONDO:0005404
curcumin	Compound	DrugBank:DB11672	ME/CFS	Disease	MONDO:0005404
molecular hydrogen	Compound	DrugBank:DB15127	ME/CFS	Disease	MONDO:0005404
N-acetylcysteine	Compound	MESH:C098444	ME/CFS	Disease	MONDO:0005404
NK cell cytotoxicity	BiologicalProcess	Unknown:Unknown	ME/CFS	Disease	MONDO:0005404
glycolysis	Pathway	KEGG:hsa00010	CD8+ T cell	BiologicalProcess	Unknown:Unknown
mitochondrial membrane potential	BiologicalProcess	GO:0010917	CD8+ T cell	BiologicalProcess	Unknown:Unknown
creatine kinase (CK)	Gene	Unknown:Unknown	ME/CFS	Disease	MONDO:0005404
extracellular vesicles (EVs)	BiologicalProcess	GO:0140112	ME/CFS	Disease	MONDO:0005404
peripheral blood mononuclear cells (PBMCs)	BiologicalProcess	Unknown:Unknown	ME/CFS	Disease	MONDO:0005404
orthostatic intolerance	Symptom	MESH:D054971	cerebral blood flow (CBF)	BiologicalProcess	GO:0120275
chronic fatigue syndrome/myalgic encephalomyelitis (ME/CFS)	Disease	MONDO:0005404	cerebral blood flow (CBF)	BiologicalProcess	GO:0120275
delayed orthostatic hypotension (dOH)	Disease	MONDO:0005469	chronic fatigue syndrome/myalgic encephalomyelitis (ME/CFS)	Disease	MONDO:0005404
postural orthostatic tachycardia syndrome (POTS)	Disease	MONDO:0011479	chronic fatigue syndrome/myalgic encephalomyelitis (ME/CFS)	Disease	MONDO:0005404
favipiravir	Compound	DrugBank:DB12466	COVID-19	Disease	MONDO:0100096
hydroxychloroquine	Compound	DrugBank:DB01611	COVID-19	Disease	MONDO:0100096
amyloid precursor-like protein 1	Protein	Unknown:Unknown	CFS	Disease	MONDO:0005404
iNKT CD62L	Protein	Unknown:Unknown	CFS/ME	Disease	MONDO:0005404
peripheral blood mononuclear cells (PBMCs)	BiologicalProcess	Unknown:Unknown	microRNAs (miRNAs)	Gene	Unknown:Unknown
microRNAs (miRNAs)	Gene	Unknown:Unknown	Myalgic encephalomyelitis/chronic fatigue syndrome (ME/CFS)	Disease	MONDO:0005404
Human herpesvirus (HHV)-6	Microbe	Unknown:Unknown	Myalgic encephalomyelitis/chronic fatigue syndrome (ME/CFS)	Disease	MONDO:0005404
dyspnea	Symptom	SYMP:0019153	long-term post-COVID	Disease	MONDO:0100233
1-carbon metabolism	Pathway	Unknown:Unknown	Human herpesvirus (HHV)-6	Microbe	Unknown:Unknown
Faecalibacterium prausnitzii	Microbe	Unknown:Unknown	ME/CFS	Disease	MONDO:0005404
dUTPase	Gene	Unknown:Unknown	Human herpesvirus (HHV)-6	Microbe	Unknown:Unknown
thymidylate synthase	Protein	Unknown:Unknown	Human herpesvirus (HHV)-6	Microbe	Unknown:Unknown
superoxide dismutase 2	Protein	Unknown:Unknown	Human herpesvirus (HHV)-6	Microbe	Unknown:Unknown
pyruvate dehydrogenase	Protein	Unknown:Unknown	Human herpesvirus (HHV)-6	Microbe	Unknown:Unknown
cerebral blood flow (CBF)	BiologicalProcess	GO:0120275	myalgic encephalomyelitis/chronic fatigue syndrome (ME/CFS)	Disease	MONDO:0005404
IL-17A	Protein	Unknown:Unknown	CFS/ME	Disease	MONDO:0005404
IL-10	Gene	Unknown:Unknown	CFS/ME	Disease	MONDO:0005404
CD56(bright) NK receptors	Protein	Unknown:Unknown	CFS/ME	Disease	MONDO:0005404
orthostatic intolerance	Symptom	MESH:D054971	myalgic encephalomyelitis/chronic fatigue syndrome (ME/CFS)	Disease	MONDO:0005404
pituitary gland	Anatomy	MESH:D010902	Myalgic encephalomyelitis/chronic fatigue syndrome (ME/CFS)	Disease	MONDO:0005404
thyroid hormone	Compound	MESH:D013974	Myalgic encephalomyelitis/chronic fatigue syndrome (ME/CFS)	Disease	MONDO:0005404
oxidative and nitrosative stress (O&NS)	BiologicalProcess	Unknown:Unknown	Myalgic encephalomyelitis/chronic fatigue syndrome (ME/CFS)	Disease	MONDO:0005404
mitochondria	CellularComponent	GO:0005739	ME/CFS	Disease	MONDO:0005404
malaise	Symptom	SYMP:0019176	post-acute sequelae	Disease	MONDO:0100233
anaemia	Disease	SYMP:0000208	post-acute sequelae	Disease	MONDO:0100233
fatigue	Symptom	SYMP:0019177	post-acute sequelae	Disease	MONDO:0100233
musculoskeletal pain	Symptom	MESH:D059352	post-acute sequelae	Disease	MONDO:0100233
fatigue	Symptom	SYMP:0019177	Long COVID	Disease	MONDO:0005404
headache	Symptom	MESH:D006261	Long COVID	Disease	MONDO:0005404
dyspnea	Symptom	SYMP:0019153	Long COVID	Disease	MONDO:0005404
anosmia	Symptom	Unknown:Unknown	Long COVID	Disease	MONDO:0005404
histamine	MolecularFunction	GO:0031964	allergic	Symptom	SYMP:0000900
COVID-19	Disease	MONDO:0100096	myalgic encephalomyelitis/chronic fatigue syndrome (ME/CFS)	Disease	MONDO:0005404
postural tachycardia syndrome	Disease	MONDO:0011479	myalgic encephalomyelitis/chronic fatigue syndrome (ME/CFS)	Disease	MONDO:0005404
heart	Anatomy	MESH:D006321	long COVID	Disease	MONDO:0100233
brain	Anatomy	MESH:D001921	long COVID	Disease	MONDO:0100233
myalgic encephalomyelitis/chronic fatigue syndrome (ME/CFS)	Disease	MONDO:0005404	long COVID	Disease	MONDO:0100233
pyruvate dehydrogenase	Metabolite	Unknown:Unknown	Myalgic encephalomyelitis/chronic fatigue syndrome (ME/CFS)	Disease	MONDO:0005404
coenzyme A	Metabolite	Unknown:Unknown	Myalgic encephalomyelitis/chronic fatigue syndrome (ME/CFS)	Disease	MONDO:0005404
intracellular ATP	Metabolite	HMDB:HMDB0000538	Myalgic encephalomyelitis/chronic fatigue syndrome (ME/CFS)	Disease	MONDO:0005404
insomnia	Symptom	SYMP:0000571	TGFB	Protein	Unknown:Unknown
fibronectin (FN1)	Protein	Unknown:Unknown	Myalgic Encephalomyelitis/ Chronic Fatigue syndrome (ME/CFS)	Disease	MONDO:0005404
postexertional malaise	Symptom	SYMP:0019176	myalgic encephalomyelitis/chronic fatigue syndrome (ME/CFS)	Disease	MONDO:0005404
profound fatigue	Symptom	SYMP:0019177	myalgic encephalomyelitis/chronic fatigue syndrome (ME/CFS)	Disease	MONDO:0005404
unrefreshing sleep	Symptom	SYMP:0000566	myalgic encephalomyelitis/chronic fatigue syndrome (ME/CFS)	Disease	MONDO:0005404
cognitive deficits	Symptom	Unknown:Unknown	myalgic encephalomyelitis/chronic fatigue syndrome (ME/CFS)	Disease	MONDO:0005404
orthostatic intolerance	Symptom	MESH:D054971	myalgic encephalomyelitis/chronic fatigue syndrome (ME/CFS)	Disease	MONDO:0005404
plasma phospholipids (PL)	Metabolite	Unknown:Unknown	Myalgic encephalomyelitis/chronic fatigue syndrome (ME/CFS)	Disease	MONDO:0005404
Naïve CD8(+)T cells	BiologicalProcess	Unknown:Unknown	CFS/ME	Disease	MONDO:0005404
CD8(-)CD4(-)	BiologicalProcess	Unknown:Unknown	CFS/ME	Disease	MONDO:0005404
neutral lipids (NL)	Metabolite	Unknown:Unknown	Myalgic encephalomyelitis/chronic fatigue syndrome (ME/CFS)	Disease	MONDO:0005404
hexosylceramides (HexCer)	Metabolite	Unknown:Unknown	Myalgic encephalomyelitis/chronic fatigue syndrome (ME/CFS)	Disease	MONDO:0005404
oxylipins	Metabolite	Unknown:Unknown	Myalgic encephalomyelitis/chronic fatigue syndrome (ME/CFS)	Disease	MONDO:0005404
chronic pain	Symptom	SYMP:0000837	ME/CFS	Disease	MONDO:0005404
corticotropin-releasing factor receptor type 2 (CRFR2)	Protein	Unknown:Unknown	Myalgic encephalomyelitis/chronic fatigue syndrome (ME/CFS)	Disease	MONDO:0005404
Fatigue	Symptom	SYMP:0019177	myalgic encephalomyelitis/chronic fatigue syndrome (ME/CFS)	Disease	MONDO:0005404
Nonsteroidal anti-inflammatory drugs	Compound	Unknown:Unknown	myalgic encephalomyelitis/chronic fatigue syndrome (ME/CFS)	Disease	MONDO:0005404
myalgia	Symptom	MESH:D063806	myalgic encephalomyelitis/chronic fatigue syndrome (ME/CFS)	Disease	MONDO:0005404
arthralgia	Symptom	SYMP:0000064	myalgic encephalomyelitis/chronic fatigue syndrome (ME/CFS)	Disease	MONDO:0005404
sleep disturbances	Symptom	SYMP:0000566	myalgic encephalomyelitis/chronic fatigue syndrome (ME/CFS)	Disease	MONDO:0005404
weakness	Symptom	SYMP:0000177	long COVID	Disease	MONDO:0100233
malaise	Symptom	SYMP:0019176	long COVID	Disease	MONDO:0100233
fatigue	Symptom	SYMP:0019177	long COVID	Disease	MONDO:0100233
concentration impairment	Symptom	Unknown:Unknown	long COVID	Disease	MONDO:0100233
breathlessness	Symptom	SYMP:0019153	long COVID	Disease	MONDO:0100233
SARS-CoV-2	Microbe	Unknown:Unknown	CFS	Disease	MONDO:0005404
non-coding RNA (ncRNA)	Gene	ENTREZ:552853	CFS	Disease	MONDO:0005404
chronic fatigue	Symptom	SYMP:0019177	Myalgic encephalomyelitis/chronic fatigue syndrome (ME/CFS)	Disease	MONDO:0005404
post-exertional malaise	Symptom	SYMP:0019176	Myalgic encephalomyelitis/chronic fatigue syndrome (ME/CFS)	Disease	MONDO:0005404
EBV	Microbe	Unknown:Unknown	SARS-CoV-2	Microbe	Unknown:Unknown
HERV-K	Microbe	Unknown:Unknown	SARS-CoV-2	Microbe	Unknown:Unknown
brain fog	Symptom	Unknown:Unknown	Myalgic encephalomyelitis/chronic fatigue syndrome (ME/CFS)	Disease	MONDO:0005404
ME/CFS	Disease	MONDO:0005404	long COVID	Disease	MONDO:0100233
cognitive impairment	Symptom	Unknown:Unknown	myalgic encephalomyelitis/chronic fatigue syndrome (ME/CFS)	Disease	MONDO:0005404
post-exertional malaise	Symptom	SYMP:0019176	myalgic encephalomyelitis/chronic fatigue syndrome (ME/CFS)	Disease	MONDO:0005404
neurosensory disturbance	Symptom	SYMP:0000336	myalgic encephalomyelitis/chronic fatigue syndrome (ME/CFS)	Disease	MONDO:0005404
ME/CFS	Disease	MONDO:0005404	COVID-19	Disease	MONDO:0100096
γδ2T cells	BiologicalProcess	Unknown:Unknown	CFS/ME	Disease	MONDO:0005404
CD56(bright)CD16(dim) NKG2D	BiologicalProcess	Unknown:Unknown	CFS/ME	Disease	MONDO:0005404
non-severe COVID-19 multi-organ sequelae (NSC-MOS)	Disease	Unknown:Unknown	long-COVID	Disease	MONDO:0100233
pulmonary fibrosis sequelae (PFS)	Disease	MONDO:0002771	long-COVID	Disease	MONDO:0100233
myalgic encephalomyelitis or chronic fatigue syndrome (ME/CFS)	Disease	MONDO:0005404	long-COVID	Disease	MONDO:0100233
postural orthostatic tachycardia syndrome (POTS)	Disease	MONDO:0011479	long-COVID	Disease	MONDO:0100233
post-intensive care syndrome (PICS)	Disease	MESH:C000711429	long-COVID	Disease	MONDO:0100233
medical or clinical sequelae (MCS)	Disease	Unknown:Unknown	long-COVID	Disease	MONDO:0100233
fatigue	Symptom	SYMP:0019177	long-COVID	Disease	MONDO:0100233
dyspnoea	Symptom	SYMP:0019153	long-COVID	Disease	MONDO:0100233
cognitive impairments	Symptom	Unknown:Unknown	long-COVID	Disease	MONDO:0100233
myalgic encephalomyelitis/chronic fatigue syndrome (ME/CFS)	Disease	MONDO:0005404	heat stroke	Disease	MESH:D018883
medial prefrontal cortex	Anatomy	Unknown:Unknown	Myalgic encephalomyelitis/chronic fatigue syndrome (ME/CFS)	Disease	MONDO:0005404
cerebral blood flow	BiologicalProcess	GO:0120275	Myalgic encephalomyelitis/chronic fatigue syndrome (ME/CFS)	Disease	MONDO:0005404
dizziness	Symptom	SYMP:0000610	long COVID	Disease	MONDO:0100233
water-soluble B vitamins	Compound	MESH:D014803	folate-mediated one-carbon metabolism (FOCM)	Pathway	Unknown:Unknown
oxidative-redox stress	BiologicalProcess	GO:0006979	homocysteine	Metabolite	HMDB:HMDB0000742
hyperhomocysteinemia	Disease	MONDO:0004743	Long COVID	Disease	MONDO:0100233
long-haul COVID-19	Disease	MONDO:0100233	cerebral blood flow	BiologicalProcess	GO:0120275
ME/CFS	Disease	MONDO:0005404	Cerebral blood flow	BiologicalProcess	GO:0120275
SARS-CoV-2	Microbe	Unknown:Unknown	ME/CFS	Disease	MONDO:0005404
plasmalogens	Metabolite	Unknown:Unknown	myalgic encephalomyelitis/chronic fatigue syndrome	Disease	MONDO:0005404
peroxisome dysfunction	BiologicalProcess	Unknown:Unknown	plasmalogens	Metabolite	Unknown:Unknown
cerebral blood flow (CBF)	BiologicalProcess	GO:0120275	myalgic encephalomyelitis/chronic fatigue syndrome (ME/CFS)	Disease	MONDO:0005404
cerebral blood flow	BiologicalProcess	GO:0120275	post-acute sequelae COVID	Disease	MONDO:0100233
cardiac output	BiologicalProcess	Unknown:Unknown	myalgic encephalomyelitis/chronic fatigue syndrome (ME/CFS)	Disease	MONDO:0005404
nitric oxide (NO)	Compound	DrugBank:DB00435	human umbilical vein endothelial cells (HUVECs)	BiologicalProcess	Unknown:Unknown
human umbilical vein endothelial cells (HUVECs)	BiologicalProcess	Unknown:Unknown	Myalgic encephalomyelitis/chronic fatigue syndrome (ME/CFS)	Disease	MONDO:0005404
nitric oxide (NO)	Compound	DrugBank:DB00435	Myalgic encephalomyelitis/chronic fatigue syndrome (ME/CFS)	Disease	MONDO:0005404
nitric oxide synthase (eNOS)	CellularComponent	Unknown:Unknown	Myalgic encephalomyelitis/chronic fatigue syndrome (ME/CFS)	Disease	MONDO:0005404
IgM and IgG3	Gene	Unknown:Unknown	long COVID	Disease	MONDO:0100233
asthma bronchiale	Disease	MONDO:0004979	long COVID	Disease	MONDO:0100233
fatigue	Symptom	SYMP:0019177	PACS	Disease	MONDO:0100233
CD56(dim)CD16(-) KIR2DL2/DL3	BiologicalProcess	Unknown:Unknown	CFS/ME	Disease	MONDO:0005404
CD94(-)CD11a(-) γδ1T cells	BiologicalProcess	Unknown:Unknown	CFS/ME	Disease	MONDO:0005404
CD62L(+)CD11a(-) γδ1T cells	BiologicalProcess	Unknown:Unknown	CFS/ME	Disease	MONDO:0005404
poor memory	Symptom	SYMP:0000719	PACS	Disease	MONDO:0100233
hair loss	Symptom	SYMP:0000440	PACS	Disease	MONDO:0100233
Ruminococcus gnavus	Microbe	Unknown:Unknown	PACS	Disease	MONDO:0100233
Bacteroides vulgatus	Microbe	Unknown:Unknown	PACS	Disease	MONDO:0100233
Clostridium innocuum	Microbe	Unknown:Unknown	fatigue	Symptom	SYMP:0019177
Bifidobacterium pseudocatenulatum	Microbe	Unknown:Unknown	PACS	Disease	MONDO:0100233
hypertension	Disease	MONDO:0005044	Pulmonary	Anatomy	MESH:D008168
fatigue	Symptom	SYMP:0019177	long-haul COVID	Disease	MONDO:0100233
dyspnea	Symptom	SYMP:0019153	long-haul COVID	Disease	MONDO:0100233
Naltrexone hydrochloride (NTX)	Compound	DrugBank:DB00704	Myalgic encephalomyelitis/chronic fatigue syndrome (ME/CFS)	Disease	MONDO:0005404
natural killer (NK) cell cytotoxic function	BiologicalProcess	GO:0042267	calcium (Ca2+) influx	BiologicalProcess	GO:0070509
TRPM3-dependent Ca2+ influx	BiologicalProcess	Unknown:Unknown	ME/CFS	Disease	MONDO:0005404
Naltrexone hydrochloride (NTX)	Compound	DrugBank:DB00704	TRPM3-dependent Ca2+ influx	BiologicalProcess	Unknown:Unknown
Ca2+ influx	BiologicalProcess	GO:0070509	transient receptor potential melastatin 3 (TRPM3)	Protein	Unknown:Unknown
transient receptor potential melastatin 3 (TRPM3)	Protein	Unknown:Unknown	ME/CFS	Disease	MONDO:0005404
etanercept	Compound	DrugBank:DB00005	TNF	Gene	Unknown:Unknown
activation of microglia	BiologicalProcess	GO:0001774	TNF	Protein	Unknown:Unknown
activation of microglia	BiologicalProcess	GO:0001774	long COVID-19	Disease	MONDO:0100233
capillaries	Anatomy	MESH:D002196	fibrin amyloid microclots (fibrinaloids)	BiologicalProcess	Unknown:Unknown
O2 exchange	BiologicalProcess	GO:0072592	fibrin amyloid microclots (fibrinaloids)	BiologicalProcess	Unknown:Unknown
fibrin amyloid microclots (fibrinaloids)	BiologicalProcess	Unknown:Unknown	Long COVID	Disease	MONDO:0100233
O2 exchange	BiologicalProcess	GO:0072592	Long COVID	Disease	MONDO:0100233
Aflatoxin (AF)	Compound	Unknown:Unknown	Myalgic encephalomyelitis/chronic fatigue syndrome (ME/CFS)	Disease	MONDO:0005404
anti-M4 AchR	Protein	Unknown:Unknown	ME/CFS	Disease	MONDO:0005404
platelet aggregation	BiologicalProcess	GO:0070527	ME/CFS	Disease	MONDO:0005404
lipid storage	BiologicalProcess	GO:0019915	ME/CFS	Disease	MONDO:0005404
Ochratoxin A (OTA)	Compound	MESH:C025589	Myalgic encephalomyelitis/chronic fatigue syndrome (ME/CFS)	Disease	MONDO:0005404
Epstein-Barr virus viremia	Disease	MONDO:0005111	Post-acute sequelae of COVID-19 (PASC)	Disease	MONDO:0100233
long COVID	Disease	MONDO:0100233	myalgic encephalomyelitis/chronic fatigue syndrome (ME/CFS)	Disease	MONDO:0005404
fatigue	Symptom	SYMP:0019177	long COVID	Disease	MONDO:0100233
CD57	Protein	Unknown:Unknown	CD56(dim) CD16(+) NK cells	BiologicalProcess	Unknown:Unknown
shortness of breath	Symptom	SYMP:0019153	long COVID	Disease	MONDO:0100233
cognitive dysfunction	Symptom	Unknown:Unknown	long COVID	Disease	MONDO:0100233
profound fatigue	Symptom	SYMP:0019177	ME/CFS	Disease	MONDO:0005404
unrefreshing sleep	Symptom	SYMP:0000566	ME/CFS	Disease	MONDO:0005404
post-exertional malaise	Symptom	SYMP:0019176	ME/CFS	Disease	MONDO:0005404
cognitive dysfunction	Symptom	Unknown:Unknown	ME/CFS	Disease	MONDO:0005404
orthostatic intolerance	Symptom	MESH:D054971	ME/CFS	Disease	MONDO:0005404
pons	Anatomy	MESH:D011149	brain fog	Symptom	Unknown:Unknown
locus coeruleus	Anatomy	MESH:D008125	brain fog	Symptom	Unknown:Unknown
Endothelin-1 (ET-1)	Protein	Unknown:Unknown	Post-COVID Syndrome (PCS)	Disease	MONDO:0100233
Endothelin-1 (ET-1)	Protein	Unknown:Unknown	Myalgic Encephalomyelitis/Chronic Fatigue Syndrome (ME/CFS)	Disease	MONDO:0005404
Angiopoietin-2 (Ang-2)	Compound	Unknown:Unknown	Post-COVID Syndrome (PCS)	Disease	MONDO:0100233
endothelial dysfunction (ED)	Symptom	Unknown:Unknown	Post-COVID Syndrome (PCS)	Disease	MONDO:0100233
autoimmunity	BiologicalProcess	Unknown:Unknown	post-COVID syndrome (PCS)	Disease	MONDO:0100233
TPPP	Gene	ENTREZ:11076	Myalgic encephalomyelitis/chronic fatigue syndrome (ME/CFS)	Disease	MONDO:0005404
TPPP	Gene	ENTREZ:11076	brain	Anatomy	MESH:D001921
insomnia	Symptom	SYMP:0000571	ME/CFS	Disease	MONDO:0005404
perforin	Protein	Unknown:Unknown	CD56(dim) CD16(+) NK cells	BiologicalProcess	Unknown:Unknown
stomach pain	Symptom	MESH:D015746	myalgic encephalomyelitis/chronic fatigue syndrome (ME/CFS)	Disease	MONDO:0005404
bloating	Symptom	SYMP:0000420	myalgic encephalomyelitis/chronic fatigue syndrome (ME/CFS)	Disease	MONDO:0005404
myalgic encephalomyelitis/chronic fatigue syndrome (ME/CFS)	Disease	MONDO:0005404	infectious mononucleosis (IM)	Disease	MONDO:0005810
IL-13	Protein	Unknown:Unknown	myalgic encephalomyelitis/chronic fatigue syndrome (ME/CFS)	Disease	MONDO:0005404
IL-5	Protein	Unknown:Unknown	myalgic encephalomyelitis/chronic fatigue syndrome (ME/CFS)	Disease	MONDO:0005404
irritable bowel	Symptom	Unknown:Unknown	myalgic encephalomyelitis/chronic fatigue syndrome (ME/CFS)	Disease	MONDO:0005404
glutamate metabolism	BiologicalProcess	GO:0006536	Post-exertional malaise (PEM)	Symptom	SYMP:0019176
glutamate metabolism	BiologicalProcess	GO:0006536	brain	Anatomy	MESH:D001921
melatonin	Compound	DrugBank:DB01065	long COVID	Disease	MONDO:0100233
P-SEL	Protein	ENTREZ:6403	Long-COVID	Disease	MONDO:0100233
ANG-1	Protein	ENTREZ:284	Long-COVID	Disease	MONDO:0100233
glutamate	Metabolite	HMDB:HMDB0029163	Post-exertional malaise (PEM)	Symptom	SYMP:0019176
Post-exertional malaise (PEM)	Symptom	SYMP:0019176	myalgic encephalomyelitis/chronic fatigue syndrome (ME/CFS)	Disease	MONDO:0005404
perforin	Protein	Unknown:Unknown	CFS/ME	Disease	MONDO:0005404
CD57	Protein	Unknown:Unknown	CFS/ME	Disease	MONDO:0005404
platelet	BiologicalProcess	Unknown:Unknown	dyspnea	Symptom	SYMP:0019153
platelet	BiologicalProcess	Unknown:Unknown	fatigue	Symptom	SYMP:0019177
lactate dehydrogenase (LDH)	Protein	Unknown:Unknown	fatigue	Symptom	SYMP:0019177
lactate dehydrogenase (LDH)	Protein	Unknown:Unknown	dyspnea	Symptom	SYMP:0019153
fatigue	Symptom	SYMP:0019177	long-term post-COVID	Disease	MONDO:0100233
depression	Symptom	SYMP:0000022	ME/CFS	Disease	MONDO:0005404
hemoglobin	Protein	Unknown:Unknown	fatigue	Symptom	SYMP:0019177
lymphocyte	BiologicalProcess	Unknown:Unknown	fatigue	Symptom	SYMP:0019177
orthostatic intolerance (OI)	Disease	MONDO:0005469	ME/CFS	Disease	MONDO:0005404
depression	Symptom	SYMP:0000022	TGFB	Protein	Unknown:Unknown
neutrophil	BiologicalProcess	Unknown:Unknown	fatigue	Symptom	SYMP:0019177
alanine transaminase	Protein	Unknown:Unknown	dyspnea	Symptom	SYMP:0019153
aspartate transaminase	Protein	Unknown:Unknown	dyspnea	Symptom	SYMP:0019153
loss of taste/smell	Symptom	SYMP:0000551	post COVID-19 disease	Disease	MONDO:0100233
dyspnoea	Symptom	SYMP:0019153	post COVID-19 disease	Disease	MONDO:0100233
paraesthesia	Symptom	MESH:D010292	post COVID-19 disease	Disease	MONDO:0100233
systemic vascular inflammation	Symptom	SYMP:0000153	thrombosis	BiologicalProcess	Unknown:Unknown
thrombosis	BiologicalProcess	Unknown:Unknown	long COVID	Disease	MONDO:0100233
chronic hypoxia	Symptom	MESH:D005311	long COVID	Disease	MONDO:0100233
tissue factor	Protein	Unknown:Unknown	thrombosis	BiologicalProcess	Unknown:Unknown
Pulmonary	Anatomy	MESH:D008168	long COVID	Disease	MONDO:0100233
hypertension	Disease	MONDO:0005044	long COVID	Disease	MONDO:0100233
phosphatidylserine (PS)	Compound	MESH:D010718	thrombosis	BiologicalProcess	Unknown:Unknown
Extracellular vesicles (EVs)	BiologicalProcess	GO:0140112	tissue factor	Protein	Unknown:Unknown
Extracellular vesicles (EVs)	BiologicalProcess	GO:0140112	phosphatidylserine (PS)	Compound	MESH:D010718
TGFB	Protein	Unknown:Unknown	ME/CFS	Disease	MONDO:0005404
Eubacterium rectale	Microbe	Unknown:Unknown	butyrate	Compound	Unknown:Unknown
fibronectin (FN1)	Protein	Unknown:Unknown	long COVID	Disease	MONDO:0100233
IgM against fibronectin ((n)IgM-FN1)	Protein	Unknown:Unknown	Myalgic Encephalomyelitis/ Chronic Fatigue syndrome (ME/CFS)	Disease	MONDO:0005404
IgM against fibronectin ((n)IgM-FN1)	Protein	Unknown:Unknown	long COVID	Disease	MONDO:0100233
cortisol	Compound	DrugBank:DB00741	ME/CFS	Disease	MONDO:0005404
encoded proteins EBV dUTPase	Protein	Unknown:Unknown	CFS	Disease	MONDO:0005404
EBV DNA polymerase	Protein	Unknown:Unknown	CFS	Disease	MONDO:0005404
valacyclovir	Compound	DrugBank:DB00577	CFS	Disease	MONDO:0005404
innate immune response	BiologicalProcess	GO:0045087	ME/CFS	Disease	MONDO:0005404
compromised gut epithelium	BiologicalProcess	Unknown:Unknown	ME/CFS	Disease	MONDO:0005404
glucose	Metabolite	HMDB:HMDB0000122	immunosuppression	BiologicalProcess	GO:0002683
citrate	Metabolite	Unknown:Unknown	immunosuppression	BiologicalProcess	GO:0002683
chronic fatigue syndrome	Disease	MONDO:0005404	Chills	Symptom	SYMP:0019174
IL-10	Protein	Unknown:Unknown	immunosuppression	BiologicalProcess	GO:0002683
idiopathic intracranial hypertension (IIH)	Disease	MONDO:0006810	chronic fatigue syndrome	Disease	MONDO:0005404
jugular venous obstruction	BiologicalProcess	Unknown:Unknown	idiopathic intracranial hypertension (IIH)	Disease	MONDO:0006810
Natural Killer cells	BiologicalProcess	GO:0002228	fatty acids	Compound	MESH:D005227
CD4+ T cells	BiologicalProcess	Unknown:Unknown	fatty acids	Compound	MESH:D005227
monokine-induced-by-IFN-γ (MIG; CXCL9)	Protein	Unknown:Unknown	ME/CFS	Disease	MONDO:0005404
CD8+ T cells	BiologicalProcess	Unknown:Unknown	fatty acids	Compound	MESH:D005227
fatigue	Symptom	SYMP:0019177	Faecalibacterium prausnitzii	Microbe	Unknown:Unknown
impairment of autophagy	BiologicalProcess	GO:0010507	ATG13	Protein	Unknown:Unknown
fatigue	Symptom	SYMP:0019177	ME/CFS	Disease	MONDO:0005404
Faecalibacterium prausnitzii	Microbe	Unknown:Unknown	butyrate	Compound	Unknown:Unknown
Eubacterium rectale	Microbe	Unknown:Unknown	ME/CFS	Disease	MONDO:0005404
NF-kB	Gene	ENTREZ:4790	plasmalogens (Pls)	Compound	MESH:D010955
Neuroinflammation (NF)	Disease	MONDO:0004466	plasmalogens (Pls)	Compound	MESH:D010955
plasmalogens (Pls)	Compound	MESH:D010955	neuro-inflammation	Disease	MONDO:0004466
plasmalogens (Pls)	Compound	MESH:D010955	ERK	Gene	ENTREZ:5594
circulating interleukin (IL)-16	Gene	ENTREZ:3603	myalgic encephalomyelitis/chronic fatigue syndrome (ME/CFS)	Disease	MONDO:0005404
HHV6	Microbe	Unknown:Unknown	SARS-CoV-2	Microbe	Unknown:Unknown
EBV-encoded nuclear antigen-1 (EBNA1) IgG	Protein	Unknown:Unknown	ME/CFS	Disease	MONDO:0005404
ME/CFS	Disease	MONDO:0005404	Ischaemia-reperfusion (I-R) injury	Disease	MONDO:0005203
Long COVID	Disease	MONDO:0100233	Ischaemia-reperfusion (I-R) injury	Disease	MONDO:0005203
fibrin amyloid microclot	BiologicalProcess	Unknown:Unknown	capillaries	Anatomy	MESH:D002196
Ischaemia	Symptom	SYMP:0000209	fibrin amyloid microclot	BiologicalProcess	Unknown:Unknown
fibrin amyloid microclot	BiologicalProcess	Unknown:Unknown	breathlessness	Symptom	SYMP:0019153
fibrin amyloid microclot	BiologicalProcess	Unknown:Unknown	fatigue	Symptom	SYMP:0019177
fibrin amyloid microclot	BiologicalProcess	Unknown:Unknown	post-exertional malaise	Symptom	SYMP:0019176
reactive oxygen species (ROS)	Compound	MESH:D017382	ME/CFS	Disease	MONDO:0005404
nitric oxide	Compound	DrugBank:DB00435	ME/CFS	Disease	MONDO:0005404
reactive oxygen species (ROS)	Compound	MESH:D017382	ATG13	Protein	Unknown:Unknown
nitric oxide	Compound	DrugBank:DB00435	ATG13	Protein	Unknown:Unknown
ATG13	Protein	Unknown:Unknown	observed stress response in microglial cells	BiologicalProcess	GO:0002282
acute exercise intolerance	Symptom	SYMP:0019176	ME/CFS	Disease	MONDO:0005404
Pyridostigmine	Compound	DrugBank:DB00545	ME/CFS	Disease	MONDO:0005404
neuroglial dysfunction	BiologicalProcess	Unknown:Unknown	ME/CFS	Disease	MONDO:0005404
anti-β2AdR	Protein	Unknown:Unknown	ME/CFS	Disease	MONDO:0005404
post exertional malaise	Symptom	SYMP:0019176	post-acute sequelae COVID	Disease	MONDO:0100233
kynurenine pathway (KP)	Pathway	GO:0070189	nicotinamide adenine dinucleotide (NAD+)	Metabolite	HMDB:HMDB0002012
kynurenine pathway (KP)	Pathway	GO:0070189	ME/CFS	Disease	MONDO:0005404
nicotinamide adenine dinucleotide (NAD+)	Metabolite	HMDB:HMDB0002012	Myalgic encephalomyelitis/chronic fatigue syndrome (ME/CFS)	Disease	MONDO:0005404
fractalkine (CX3CL1)	Protein	Unknown:Unknown	ME/CFS	Disease	MONDO:0005404
eotaxin 2 (CCL24)	Protein	Unknown:Unknown	ME/CFS	Disease	MONDO:0005404
sRAGE	Protein	Unknown:Unknown	TNF-α	Protein	Unknown:Unknown
post-COVID-19	Disease	MONDO:0100233	TNF-α	Protein	Unknown:Unknown
TNF-α	Protein	Unknown:Unknown	post-COVID-19	Disease	MONDO:0100233
ME/CFS	Disease	MONDO:0005404	plasmalogen	CellularComponent	Unknown:Unknown
post-COVID-19	Disease	MONDO:0100233	plasmalogen	CellularComponent	Unknown:Unknown
fluvoxamine	Compound	DrugBank:DB00176	long COVID	Disease	MONDO:0100233
EBV	Microbe	Unknown:Unknown	long COVID	Disease	MONDO:0100233
Long-Covid	Disease	MONDO:0100233	neurotransmitter autoantibodies	Protein	Unknown:Unknown
HLA-DQB1	Gene	ENTREZ:3119	ME/CFS	Disease	MONDO:0005404
Long-Covid	Disease	MONDO:0100233	lipids	Metabolite	MESH:D008055
fibrinogen	Protein	Unknown:Unknown	Long-Covid	Disease	MONDO:0100233
kynurenine pathway	Pathway	GO:0070189	nicotinamide adenine dinucleotide (NADH)	Metabolite	HMDB:HMDB0001487
kynurenine pathway	Pathway	GO:0070189	immune response	BiologicalProcess	GO:0006955
kynurenine pathway	Pathway	GO:0070189	neuroinflammation	Symptom	MESH:D020078
kynurenine pathway	Pathway	GO:0070189	ME/CFS	Disease	MONDO:0005404
neuroinflammation	Symptom	MESH:D020078	"chronic fatigue syndrome, or myalgic encephalomyelitis (CFS/ME)"	Disease	MONDO:0005404
apoptotic and necrotic cell death in T cells	BiologicalProcess	GO:0006924	ME/CFS	Disease	MONDO:0005404
plasmalogens	Metabolite	MESH:D010955	ME/CFS	Disease	MONDO:0005404
phospholipid ethers	Metabolite	MESH:D010742	ME/CFS	Disease	MONDO:0005404
phosphatidylcholines	Metabolite	MESH:D010713	ME/CFS	Disease	MONDO:0005404
sphingomyelins	Metabolite	MESH:D013109	ME/CFS	Disease	MONDO:0005404
dicarboxylic acids	Metabolite	MESH:D003998	ME/CFS	Disease	MONDO:0005404
fatigue	Symptom	SYMP:0019177	Post-COVID syndrome (PCS)	Disease	MONDO:0100233
sleep disturbance	Symptom	SYMP:0000566	Post-COVID syndrome (PCS)	Disease	MONDO:0100233
HLA-C	Gene	ENTREZ:3107	ME/CFS	Disease	MONDO:0005404
anhydrous enol oxaloacetate	Compound	Unknown:Unknown	ME/CFS	Disease	MONDO:0005404
anhydrous enol oxaloacetate	Compound	Unknown:Unknown	physical and metal fatigue	Symptom	SYMP:0019177
anhydrous enol oxaloacetate	Compound	Unknown:Unknown	Long COVID	Disease	MONDO:0100233
Interleukin 6	Protein	ENTREZ:3570	long COVID	Disease	MONDO:0100233
C-reactive protein	Protein	ENTREZ:1401	long COVID	Disease	MONDO:0100233
tumor necrosis factor alpha	Protein	ENTREZ:7124	long COVID	Disease	MONDO:0100233
neurofilament light chain	Compound	ENTREZ:4747	long COVID	Disease	MONDO:0100233
glial fibrillary acidic protein	Protein	ENTREZ:2670	long COVID	Disease	MONDO:0100233
transforming growth factor beta	Protein	ENTREZ:7040	long COVID	Disease	MONDO:0100233
melatonin	Compound	DrugBank:DB01065	ME/CFS	Disease	MONDO:0005404
cortisol	Compound	DrugBank:DB00741	Long COVID	Disease	MONDO:0100233
microvascular endotheliopathy	Disease	MONDO:0044875	long COVID	Disease	MONDO:0100233
growth hormone (GH)	Compound	MESH:D013006	COVID-19	Disease	MONDO:0100233
adrenocorticotropic hormone (ACTH)	Compound	MESH:C006418	COVID-19	Disease	MONDO:0100233
Tryptophan catabolism	Pathway	REACT:R-HSA-71240	chronic fatigue syndrome	Disease	MONDO:0005404
chronic fatigue syndrome	Disease	MONDO:0005404	Fatigue	Symptom	SYMP:0019177
chronic fatigue syndrome	Disease	MONDO:0005404	Headache	Symptom	SYMP:0000504
chronic fatigue syndrome	Disease	MONDO:0005404	Sleep Disorders	Symptom	SYMP:0000566
chronic fatigue syndrome	Disease	MONDO:0005404	Tinnitus	Symptom	SYMP:0000393
chronic fatigue syndrome	Disease	MONDO:0005404	Orthostatic Intolerance	Symptom	MESH:D054971
CXCL8	Gene	ENTREZ:3576	Calcium	Compound	DrugBank:DB01373
chronic fatigue syndrome	Disease	MONDO:0005404	GPC5	Gene	ENTREZ:2262
chronic fatigue syndrome	Disease	MONDO:0005404	PHACTR2	Gene	ENTREZ:9749
chronic fatigue syndrome	Disease	MONDO:0005404	AKAP1	Gene	ENTREZ:8165
chronic fatigue syndrome	Disease	MONDO:0005404	USP6NL	Gene	ENTREZ:9712
long COVID	Disease	MONDO:0100233	cerebellar cortex	Anatomy	UBERON:0002129
long COVID	Disease	MONDO:0100233	locus ceruleus	Anatomy	UBERON:0002148
SERPINE1	Gene	ENTREZ:5054	Palmitic Acid	Compound	DrugBank:DB03796
long COVID	Disease	MONDO:0100233	trigeminal nerve	Anatomy	UBERON:0001645
long COVID	Disease	MONDO:0100233	TLR7	Gene	ENTREZ:51284
SARS Virus	Disease	MONDO:0005091	long COVID	Disease	MONDO:0100233
long COVID	Disease	MONDO:0100233	Indomethacin	Compound	DrugBank:DB00328
long COVID	Disease	MONDO:0100233	Recombinant Human Angiotensin-Converting Enzyme 2	Compound	DrugBank:DB15736
long COVID	Disease	MONDO:0100233	palpitation	Symptom	SYMP:0000530
long COVID	Disease	MONDO:0100233	Etanercept	Compound	DrugBank:DB00005
long COVID	Disease	MONDO:0100233	Hypoxia	Disease	MESH:D000860
aconitate hydratase (ACON)	Gene	Unknown:Unknown	Chronic fatigue syndrome (CFS)	Disease	MONDO:0005404
tricarboxylic acid (TCA)	Pathway	KEGG:hsa00020	CFS	Disease	MONDO:0005404
urea cycles	Pathway	KEGG:hsa_M00029	CFS	Disease	MONDO:0005404
ornithine/citrulline	Metabolite	HMDB:HMDB0000214	CFS	Disease	MONDO:0005404
pyruvate/isocitrate	Metabolite	HMDB:HMDB0011111	CFS	Disease	MONDO:0005404
ornithine	Metabolite	HMDB:HMDB0000214	CFS	Disease	MONDO:0005404
bioactive 2-5A synthetase	Gene	ENTREZ:4938	CFS	Disease	MONDO:0005404
pyruvate	Metabolite	HMDB:HMDB0011111	CFS	Disease	MONDO:0005404
long COVID	Disease	MONDO:0100233	Epiglottitis	Disease	MONDO:0005753
long COVID	Disease	MONDO:0100233	Asthma	Disease	MONDO:0004979
Postural Orthostatic Tachycardia Syndrome	Disease	MONDO:0011479	Ivabradine	Compound	DrugBank:DB09083
Oxaloacetate Ion	Compound	DrugBank:DB02637	AMPK Signaling	Pathway	WikiPathways:WP1403
long COVID	Disease	MONDO:0100233	Inhibitor of P38 Kinase	Compound	DrugBank:DB01953
long COVID	Disease	MONDO:0100233	Melatonin	Compound	DrugBank:DB01065
chronic fatigue syndrome	Disease	MONDO:0005404	SLC6A11	Gene	ENTREZ:6538
chronic fatigue syndrome	Disease	MONDO:0005404	palpitation	Symptom	SYMP:0000530
Pulmonary Fibrosis	Disease	MONDO:0002771	Tetrandrine	Compound	DrugBank:DB14066
Pulmonary Fibrosis	Disease	MONDO:0002771	Pirfenidone	Compound	DrugBank:DB04951
long COVID	Disease	MONDO:0100233	Luteolin	Compound	DrugBank:DB15584
CXCL8	Gene	ENTREZ:3576	Dexamethasone	Compound	DrugBank:DB01234
IFN-γ	Protein	Unknown:Unknown	ME/CFS	Disease	MONDO:0005404
Chronic Fatigue Syndrome (CFS/ME)	Disease	MONDO:0005404	NK-cells	BiologicalProcess	GO:0039671
CD4+iNKT	BiologicalProcess	GO:0045224	Chronic Fatigue Syndrome/Myalgic Encephalomyelitis (CFS/ME)	Disease	MONDO:0005404
phenylalanine	Protein	Unknown:Unknown	CFS	Disease	MONDO:0005404
hyperosmotic stress	BiologicalProcess	GO:0006972	ME/CFS	Disease	MONDO:0005404
effector memory CD8+ T cell	BiologicalProcess	GO:0061485	ME/CFS	Disease	MONDO:0005404
terminally differentiated effector CD8+ T cell	BiologicalProcess	Unknown:Unknown	ME/CFS	Disease	MONDO:0005404
mucosal associated invariant T cells (MAIT) cell	BiologicalProcess	Unknown:Unknown	ME/CFS	Disease	MONDO:0005404
nitrosative stress	Pathway	Unknown:Unknown	ME/CFS	Disease	MONDO:0005404
ATP synthase subunit beta (ATPB)	Gene	Unknown:Unknown	Chronic fatigue syndrome (CFS)	Disease	MONDO:0005404
rintatolimod	PharmacologicClass	Unknown:Unknown	Chronic fatigue syndrome/ Myalgic encephalomyelitis (CFS/ME)	Disease	MONDO:0005404
LPS-binding protein (LBP)	Gene	Unknown:Unknown	myalgic encephalomyelitis/chronic fatigue syndrome (ME/CFS)	Disease	MONDO:0005404
sphingolipid	Pathway	REACT:R-MMU-428157	myalgic encephalomyelitis/chronic fatigue syndrome (ME/CFS)	Disease	MONDO:0005404
TBARS	Compound	MESH:D017392	Myalgic encephalomyelitis chronic fatigue syndrome (ME/CFS)	Disease	MONDO:0005404
pyruvate	Metabolite	HMDB:HMDB0254610	Chronic fatigue syndrome (CFS)	Disease	MONDO:0005404
oxidative	Pathway	Unknown:Unknown	ME/CFS	Disease	MONDO:0005404
lung cancer	Disease	MONDO:0008903	nitrogen oxides (NOx)	Compound	MESH:D009589
PM2.5	Compound	MESH:D052638	lung cancer	Disease	MONDO:0008903
lung cancer	Disease	MONDO:0008903	omega-3 PUFAs	Compound	DrugBank:DB11133
omega-6 PUFAs	Compound	DrugBank:DB13168	lung cancer	Disease	MONDO:0008903
omega-3 PUFAs	Compound	DrugBank:DB11133	lung cancer	Disease	MONDO:0008903
Azithromycin	Compound	MESH:D017963	Veillonellaceae	Microbe	Unknown:Unknown
PM2.5	Compound	MESH:D052638	asthma	Disease	MONDO:0004979
ozone	Compound	DrugBank:DB12510	asthma	Disease	MONDO:0004979
lung inflammatory injury	Disease	MESH:D055370	PM2.5	Compound	MESH:D052638
HMGB1	Gene	ENTREZ:15289	PM2.5	Compound	MESH:D052638
NLRP3	Gene	ENTREZ:216799	PM2.5	Compound	MESH:D052638
lung inflammatory injury	Disease	MESH:D055370	baicalin	Compound	MESH:C038044
caspase-1	Gene	ENTREZ:12362	PM2.5	Compound	MESH:D052638
ASC	Gene	ENTREZ:66824	PM2.5	Compound	MESH:D052638
CD8+ T cell	BiologicalProcess	Unknown:Unknown	ME/CFS	Disease	MONDO:0005404
HMGB1/Caspase1 pathway	Pathway	REACT:R-MMU-844456	baicalin	Compound	MESH:C038044
ATG13	Protein	Unknown:Unknown	ME/CFS	Disease	MONDO:0005404
EBV-VCA IgG	Protein	Unknown:Unknown	ME/CFS	Disease	MONDO:0005404
neurovascular dysregulation	Disease	MONDO:0043218	acute exercise intolerance	Symptom	SYMP:0019176
LIF	Protein	Unknown:Unknown	ME/CFS	Disease	MONDO:0005404
SCF	Protein	Unknown:Unknown	ME/CFS	Disease	MONDO:0005404
CD40L	Protein	Unknown:Unknown	Myalgic Encephalomyelitis or Chronic Fatigue Syndrome (ME/CFS)	Disease	MONDO:0005404
branch chain amino acid	Pathway	KEGG:hsa00290	CFS	Disease	MONDO:0005404
leptin	Protein	Unknown:Unknown	ME/CFS	Disease	MONDO:0005404
long-haul COVID-19	Disease	MONDO:0100233	postural tachycardia syndrome (POTS)	Disease	MONDO:0011479
long-haul COVID	Disease	MONDO:0100233	ME/CFS	Disease	MONDO:0005404
rs11157573	Gene	ENTREZ:105370401	ME/CFS	Disease	MONDO:0005404
rs17255510	Gene	Unknown:Unknown	ME/CFS	Disease	MONDO:0005404
chronic fatigue syndrome	Disease	MONDO:0005404	Polycystic Ovary Syndrome	Disease	MONDO:0008487
chronic fatigue syndrome	Disease	MONDO:0005404	malaise	Symptom	SYMP:0019176
chronic fatigue syndrome	Disease	MONDO:0005404	decreased appetite	Symptom	SYMP:0000245
chronic fatigue syndrome	Disease	MONDO:0005404	Cough	Symptom	SYMP:0000614
long COVID	Disease	MONDO:0100233	Fatigue	Symptom	SYMP:0019177
chronic fatigue syndrome	Disease	MONDO:0005404	Endometriosis	Disease	MONDO:0005133
chronic fatigue syndrome	Disease	MONDO:0005404	Amenorrhea	Disease	MONDO:0001836
chronic fatigue syndrome	Disease	MONDO:0005404	Ovarian Cysts	Disease	MONDO:0003282
chronic fatigue syndrome	Disease	MONDO:0005404	Dysmenorrhea	Disease	MESH:D004412
chronic fatigue syndrome	Disease	MONDO:0005404	Oligomenorrhea	Disease	MESH:D009839
chronic fatigue syndrome	Disease	MONDO:0005404	Nausea	Symptom	SYMP:0000458
long COVID	Disease	MONDO:0100233	female gonad	Anatomy	UBERON:0000992
chronic fatigue syndrome	Disease	MONDO:0005404	Pelvic Pain	Symptom	MESH:D017699
long COVID	Disease	MONDO:0100233	Dyspnea	Symptom	SYMP:0019153
long COVID	Disease	MONDO:0100233	Neurogenic Inflammation	Symptom	MESH:D020078
long COVID	Disease	MONDO:0100233	brainstem	Anatomy	UBERON:0002298
long COVID	Disease	MONDO:0100233	chest tightness	Symptom	SYMP:0020032
long COVID	Disease	MONDO:0100233	B2M	Gene	ENTREZ:567
long COVID	Disease	MONDO:0100233	Pulmonary Fibrosis	Disease	MONDO:0002771
COVID-19	Disease	MONDO:0100096	Remdesivir	Compound	DrugBank:DB14761
COVID-19	Disease	MONDO:0100096	Tocilizumab	Compound	DrugBank:DB06273
long COVID	Disease	MONDO:0100233	Chest Pain	Symptom	SYMP:0000576
long COVID	Disease	MONDO:0100233	nose	Anatomy	UBERON:0000004
long COVID	Disease	MONDO:0100233	SOD1	Gene	ENTREZ:6647
long COVID	Disease	MONDO:0100233	BCL2	Gene	ENTREZ:596
long COVID	Disease	MONDO:0100233	EGF	Gene	ENTREZ:1950
chronic fatigue syndrome	Disease	MONDO:0005404	Flavonoids	Compound	MESH:D005419
chronic fatigue syndrome	Disease	MONDO:0005404	S100PBP	Gene	ENTREZ:64766
chronic fatigue syndrome	Disease	MONDO:0005404	ATP9A	Gene	ENTREZ:10079
long COVID	Disease	MONDO:0100233	Ergothioneine	Compound	MESH:D004880
long COVID	Disease	MONDO:0100233	Flavonoids	Compound	MESH:D005419
chronic fatigue syndrome	Disease	MONDO:0005404	KCNB1	Gene	ENTREZ:3745
chronic fatigue syndrome	Disease	MONDO:0005404	CLOCK	Gene	ENTREZ:9575
chronic fatigue syndrome	Disease	MONDO:0005404	SLC15A4	Gene	ENTREZ:121260
chronic fatigue syndrome	Disease	MONDO:0005404	TMEM232	Gene	ENTREZ:642987
COVID-19	Disease	MONDO:0100096	S100A12	Gene	ENTREZ:6283
long COVID	Disease	MONDO:0100233	brainstem	Anatomy	UBERON:0002298
long COVID	Disease	MONDO:0100233	cerebellum	Anatomy	UBERON:0002037
long COVID	Disease	MONDO:0100233	Parkinson Disease	Disease	MONDO:0005180
long COVID	Disease	MONDO:0100233	Neurodegenerative Diseases	Disease	MONDO:0005559
Guillain-Barre Syndrome	Disease	MONDO:0016218	long COVID	Disease	MONDO:0100233
chronic fatigue syndrome	Disease	MONDO:0005404	Amyloidosis	Disease	MONDO:0019065
chronic fatigue syndrome	Disease	MONDO:0005404	Epiglottitis	Disease	MONDO:0005753
Headache	Symptom	SYMP:0000504	Hypercapnia	Disease	MESH:D006935
long COVID	Disease	MONDO:0100233	Hyperhomocysteinemia	Disease	MONDO:0004743
Headache	Symptom	SYMP:0000504	Migraine Disorders	Disease	MONDO:0005277
long COVID	Disease	MONDO:0100233	chronic fatigue syndrome	Disease	MONDO:0005404
long COVID	Disease	MONDO:0100233	pulmonary hypertension	Disease	MONDO:0005149
long COVID	Disease	MONDO:0100233	pulmonary embolism	Disease	MONDO:0005279
long COVID	Disease	MONDO:0100233	pulmonary fibrosis	Disease	MONDO:0002771
long COVID	Disease	MONDO:0100233	thrombosis	Disease	MONDO:0000831
long COVID	Disease	MONDO:0100233	Chest Pain	Symptom	SYMP:0000576
RNase L enzyme	Gene	ENTREZ:6041	CFS	Disease	MONDO:0005404
elastase	Gene	ENTREZ:1991	CFS	Disease	MONDO:0005404
elastase	Gene	ENTREZ:1991	83 kDa RNase L	Gene	ENTREZ:6041
83 kDa RNase L	Gene	ENTREZ:6041	CFS	Disease	MONDO:0005404
calpain	Gene	ENTREZ:823	83 kDa RNase L	Gene	ENTREZ:6041