source_name	source_type	source_id	target_name	target_type	target_id	matched_source_id	matched_source_name	matched_target_id	matched_target_name
alpha-1-macroglobulin	Protein	Unknown:Unknown	CFS	Disease	MONDO:0005404			MONDO:0005404	myalgic encephalomeyelitis/chronic fatigue syndrome
IL-2	Protein	Unknown:Unknown	CFS/ME	Disease	MONDO:0005404			MONDO:0005404	myalgic encephalomeyelitis/chronic fatigue syndrome
long COVID	Disease	MONDO:0100233	Endometriosis	Disease	MONDO:0005133	MONDO:0100233	long COVID-19	MONDO:0005133	endometriosis
long COVID	Disease	MONDO:0100233	Amenorrhea	Disease	MONDO:0001836	MONDO:0100233	long COVID-19	MONDO:0001836	amenorrhea
long COVID	Disease	MONDO:0100233	Obesity	Disease	MONDO:0011122	MONDO:0100233	long COVID-19	MONDO:0011122	obesity disorder
NPY	Protein	Unknown:Unknown	CFS	Disease	MONDO:0005404			MONDO:0005404	myalgic encephalomeyelitis/chronic fatigue syndrome
chronic fatigue syndrome	Disease	MONDO:0005404	S100A8	Gene	ENTREZ:6279	MONDO:0005404	myalgic encephalomeyelitis/chronic fatigue syndrome	ENTREZ:6279	S100A8
chronic fatigue syndrome	Disease	MONDO:0005404	S100A9	Gene	ENTREZ:6280	MONDO:0005404	myalgic encephalomeyelitis/chronic fatigue syndrome	ENTREZ:6280	S100A9
EGF	Gene	ENTREZ:1950	Calcium	Compound	DrugBank:DB01373	ENTREZ:1950	EGF	DrugBank:DB01373	CALCIUM
long COVID	Disease	MONDO:0100233	Remdesivir	Compound	DrugBank:DB14761	MONDO:0100233	long COVID-19	DrugBank:DB14761	Remdesivir
chronic fatigue syndrome	Disease	MONDO:0005404	heart	Anatomy	UBERON:0000948	MONDO:0005404	myalgic encephalomeyelitis/chronic fatigue syndrome	UBERON:0000948	heart
chronic fatigue syndrome	Disease	MONDO:0005404	lung	Anatomy	UBERON:0002048	MONDO:0005404	myalgic encephalomeyelitis/chronic fatigue syndrome	UBERON:0002048	lung
chronic fatigue syndrome	Disease	MONDO:0005404	premature menopause	Disease	MONDO:0001119	MONDO:0005404	myalgic encephalomeyelitis/chronic fatigue syndrome	MONDO:0001119	premature menopause
BCL2	Gene	ENTREZ:596	Palmitic Acid	Compound	DrugBank:DB03796	ENTREZ:596	BCL2	DrugBank:DB03796	PALMITIC ACID
long COVID	Disease	MONDO:0100233	Magnesium	Compound	DrugBank:DB14513	MONDO:0100233	long COVID-19	DrugBank:DB14513	Magnesium
chronic fatigue syndrome	Disease	MONDO:0005404	Vitamin E	Compound	DrugBank:DB00163	MONDO:0005404	myalgic encephalomeyelitis/chronic fatigue syndrome	DrugBank:DB00163	.ALPHA.-TOCOPHEROL, D-
chronic fatigue syndrome	Disease	MONDO:0005404	brainstem	Anatomy	UBERON:0002298	MONDO:0005404	myalgic encephalomeyelitis/chronic fatigue syndrome	UBERON:0002298	brainstem
Interleukin-10	Compound	DrugBank:DB12880	chronic fatigue syndrome	Disease	MONDO:0005404	DrugBank:DB12880	Interleukin-10	MONDO:0005404	myalgic encephalomeyelitis/chronic fatigue syndrome
IL-10	Gene	ENTREZ:3586	chronic fatigue syndrome	Disease	MONDO:0005404	ENTREZ:3586	IL10	MONDO:0005404	myalgic encephalomeyelitis/chronic fatigue syndrome
ATP	Compound	DrugBank:DB00171	chronic fatigue syndrome	Disease	MONDO:0005404	DrugBank:DB00171	ADENOSINE TRIPHOSPHATE	MONDO:0005404	myalgic encephalomeyelitis/chronic fatigue syndrome
Lactic acid	Compound	DrugBank:DB04398	chronic fatigue syndrome	Disease	MONDO:0005404	DrugBank:DB04398	LACTIC ACID, DL-	MONDO:0005404	myalgic encephalomeyelitis/chronic fatigue syndrome
Memory Disorders	Symptom	SYMP:0000719	chronic fatigue syndrome	Disease	MONDO:0005404	SYMP:0000719	memory impairment	MONDO:0005404	myalgic encephalomeyelitis/chronic fatigue syndrome
Sleep Disorders	Symptom	SYMP:0000566	chronic fatigue syndrome	Disease	MONDO:0005404	SYMP:0000566	sleep disturbance	MONDO:0005404	myalgic encephalomeyelitis/chronic fatigue syndrome
Hyperhomocysteinemia	Disease	MONDO:0004743	Homocysteine	Compound	DrugBank:DB04422	MONDO:0004743	hyperhomocysteinemia	DrugBank:DB04422	HOMOCYSTEINE
SOD1	Gene	ENTREZ:6647	Copper	Compound	DrugBank:DB09130	ENTREZ:6647	SOD1	DrugBank:DB09130	COPPER
IFN-γ	Protein	Unknown:Unknown	CFS/ME	Disease	MONDO:0005404			MONDO:0005404	myalgic encephalomeyelitis/chronic fatigue syndrome
long COVID	Disease	MONDO:0100233	Fluvoxamine	Compound	DrugBank:DB00176	MONDO:0100233	long COVID-19	DrugBank:DB00176	FLUVOXAMINE
chronic fatigue syndrome	Disease	MONDO:0005404	Oxaloacetate Ion	Compound	DrugBank:DB02637	MONDO:0005404	myalgic encephalomeyelitis/chronic fatigue syndrome	DrugBank:DB02637	Oxaloacetate Ion
chronic fatigue syndrome	Disease	MONDO:0005404	Tocilizumab	Compound	DrugBank:DB06273	MONDO:0005404	myalgic encephalomeyelitis/chronic fatigue syndrome	DrugBank:DB06273	Tocilizumab
chronic fatigue syndrome	Disease	MONDO:0005404	breathing problems	Symptom	SYMP:0000868	MONDO:0005404	myalgic encephalomeyelitis/chronic fatigue syndrome	SYMP:0000868	breathing problems
long COVID	Disease	MONDO:0100233	Clopidogrel	Compound	DrugBank:DB00758	MONDO:0100233	long COVID-19	DrugBank:DB00758	CLOPIDOGREL
long COVID	Disease	MONDO:0100233	Nitroaspirin	Compound	DrugBank:DB12445	MONDO:0100233	long COVID-19	DrugBank:DB12445	NCX-4016
long COVID	Disease	MONDO:0100233	Pantoprazole	Compound	DrugBank:DB00213	MONDO:0100233	long COVID-19	DrugBank:DB00213	PANTOPRAZOLE
chronic fatigue syndrome	Disease	MONDO:0005404	Magnesium	Compound	DrugBank:DB14513	MONDO:0005404	myalgic encephalomeyelitis/chronic fatigue syndrome	DrugBank:DB14513	Magnesium
long COVID	Disease	MONDO:0100233	Diarrhea	Symptom	SYMP:0000570	MONDO:0100233	long COVID-19	SYMP:0000570	diarrhea
EGF	Gene	ENTREZ:1950	Dexamethasone	Compound	DrugBank:DB01234	ENTREZ:1950	EGF	DrugBank:DB01234	DEXAMETHASONE
BCL2	Gene	ENTREZ:596	Dexamethasone	Compound	DrugBank:DB01234	ENTREZ:596	BCL2	DrugBank:DB01234	DEXAMETHASONE
S100A9	Gene	ENTREZ:6280	Dexamethasone	Compound	DrugBank:DB01234	ENTREZ:6280	S100A9	DrugBank:DB01234	DEXAMETHASONE
granulocyte-macrophage colony-stimulating factor	Gene	ENTREZ:1437	chronic fatigue syndrome	Disease	MONDO:0005404	ENTREZ:1437	CSF2	MONDO:0005404	myalgic encephalomeyelitis/chronic fatigue syndrome
S100A8	Gene	ENTREZ:6279	Dexamethasone	Compound	DrugBank:DB01234	ENTREZ:6279	S100A8	DrugBank:DB01234	DEXAMETHASONE
SOD1	Gene	ENTREZ:6647	Palmitic Acid	Compound	DrugBank:DB03796	ENTREZ:6647	SOD1	DrugBank:DB03796	PALMITIC ACID
SOD1	Gene	ENTREZ:6647	Calcium	Compound	DrugBank:DB01373	ENTREZ:6647	SOD1	DrugBank:DB01373	CALCIUM
S100A9	Gene	ENTREZ:6280	Calcium	Compound	DrugBank:DB01373	ENTREZ:6280	S100A9	DrugBank:DB01373	CALCIUM
S100A8	Gene	ENTREZ:6279	Calcium	Compound	DrugBank:DB01373	ENTREZ:6279	S100A8	DrugBank:DB01373	CALCIUM
CXCL8	Gene	ENTREZ:3576	Copper	Compound	DrugBank:DB09130	ENTREZ:3576	CXCL8	DrugBank:DB09130	COPPER
EGF	Gene	ENTREZ:1950	Copper	Compound	DrugBank:DB09130	ENTREZ:1950	EGF	DrugBank:DB09130	COPPER
chronic fatigue syndrome	Disease	MONDO:0005404	Metformin	Compound	DrugBank:DB00331	MONDO:0005404	myalgic encephalomeyelitis/chronic fatigue syndrome	DrugBank:DB00331	METFORMIN
chronic fatigue syndrome	Disease	MONDO:0005404	Fenofibrate	Compound	DrugBank:DB01039	MONDO:0005404	myalgic encephalomeyelitis/chronic fatigue syndrome	DrugBank:DB01039	FENOFIBRATE
chronic fatigue syndrome	Disease	MONDO:0005404	Naltrexone	Compound	DrugBank:DB00704	MONDO:0005404	myalgic encephalomeyelitis/chronic fatigue syndrome	DrugBank:DB00704	NALTREXONE
SERPINE1	Gene	ENTREZ:5054	Copper	Compound	DrugBank:DB09130	ENTREZ:5054	SERPINE1	DrugBank:DB09130	COPPER
long COVID	Disease	MONDO:0100233	Chills	Symptom	SYMP:0019174	MONDO:0100233	long COVID-19	SYMP:0019174	chills
lungs	Anatomy	MESH:D008168	long COVID	Disease	MONDO:0100233	MESH:D008168	Lung	MONDO:0100233	long COVID-19
long COVID	Disease	MONDO:0100233	Orthostatic Intolerance	Symptom	MESH:D054971	MONDO:0100233	long COVID-19	MESH:D054971	Orthostatic Intolerance
Pulmonary Fibrosis	Disease	MONDO:0002771	Acetylcholine	Compound	DrugBank:DB03128	MONDO:0002771	pulmonary fibrosis	DrugBank:DB03128	ACETYLCHOLINE
BCL2	Gene	ENTREZ:596	Copper	Compound	DrugBank:DB09130	ENTREZ:596	BCL2	DrugBank:DB09130	COPPER
HMGB1	Gene	ENTREZ:3146	Copper	Compound	DrugBank:DB09130	ENTREZ:3146	HMGB1	DrugBank:DB09130	COPPER
redox status	BiologicalProcess	GO:0009455	ME/CFS	Disease	MONDO:0005404	GO:0009455	redox taxis	MONDO:0005404	myalgic encephalomeyelitis/chronic fatigue syndrome
ATP synthase subunit beta (ATPB)	Protein	Unknown:Unknown	Chronic fatigue syndrome (CFS)	Disease	MONDO:0005404			MONDO:0005404	myalgic encephalomeyelitis/chronic fatigue syndrome
B2M	Gene	ENTREZ:567	Copper	Compound	DrugBank:DB09130	ENTREZ:567	B2M	DrugBank:DB09130	COPPER
S100A8	Gene	ENTREZ:6279	Copper	Compound	DrugBank:DB09130	ENTREZ:6279	S100A8	DrugBank:DB09130	COPPER
chronic fatigue syndrome	Disease	MONDO:0005404	Hydrocortisone	Compound	DrugBank:DB00741	MONDO:0005404	myalgic encephalomeyelitis/chronic fatigue syndrome	DrugBank:DB00741	HYDROCORTISONE
chronic fatigue syndrome	Disease	MONDO:0005404	Folic acid	Compound	DrugBank:DB00158	MONDO:0005404	myalgic encephalomeyelitis/chronic fatigue syndrome	DrugBank:DB00158	FOLIC ACID
IL-7	Protein	Unknown:Unknown	ME/CFS	Disease	MONDO:0005404			MONDO:0005404	myalgic encephalomeyelitis/chronic fatigue syndrome
VEGF-A	Protein	Unknown:Unknown	ME/CFS	Disease	MONDO:0005404			MONDO:0005404	myalgic encephalomeyelitis/chronic fatigue syndrome
CXCL8	Gene	ENTREZ:3576	Silver	Compound	DrugBank:DB12965	ENTREZ:3576	CXCL8	DrugBank:DB12965	SILVER
SERPINE1	Gene	ENTREZ:5054	Silver	Compound	DrugBank:DB12965	ENTREZ:5054	SERPINE1	DrugBank:DB12965	SILVER
BCL2	Gene	ENTREZ:596	Silver	Compound	DrugBank:DB12965	ENTREZ:596	BCL2	DrugBank:DB12965	SILVER
SOD1	Gene	ENTREZ:6647	Silver	Compound	DrugBank:DB12965	ENTREZ:6647	SOD1	DrugBank:DB12965	SILVER
chronic fatigue syndrome	Disease	MONDO:0005404	CXCL8	Gene	ENTREZ:3576	MONDO:0005404	myalgic encephalomeyelitis/chronic fatigue syndrome	ENTREZ:3576	CXCL8
chronic fatigue syndrome	Disease	MONDO:0005404	B2M	Gene	ENTREZ:567	MONDO:0005404	myalgic encephalomeyelitis/chronic fatigue syndrome	ENTREZ:567	B2M
chronic fatigue syndrome	Disease	MONDO:0005404	SOD1	Gene	ENTREZ:6647	MONDO:0005404	myalgic encephalomeyelitis/chronic fatigue syndrome	ENTREZ:6647	SOD1
chronic fatigue syndrome	Disease	MONDO:0005404	BCL2	Gene	ENTREZ:596	MONDO:0005404	myalgic encephalomeyelitis/chronic fatigue syndrome	ENTREZ:596	BCL2
chronic fatigue syndrome	Disease	MONDO:0005404	EGF	Gene	ENTREZ:1950	MONDO:0005404	myalgic encephalomeyelitis/chronic fatigue syndrome	ENTREZ:1950	EGF
chronic fatigue syndrome	Disease	MONDO:0005404	SERPINE1	Gene	ENTREZ:5054	MONDO:0005404	myalgic encephalomeyelitis/chronic fatigue syndrome	ENTREZ:5054	SERPINE1
long COVID	Disease	MONDO:0100233	Naltrexone	Compound	DrugBank:DB00704	MONDO:0100233	long COVID-19	DrugBank:DB00704	NALTREXONE
long COVID	Disease	MONDO:0100233	Homocysteine	Compound	DrugBank:DB04422	MONDO:0100233	long COVID-19	DrugBank:DB04422	HOMOCYSTEINE
long COVID	Disease	MONDO:0100233	Folic acid	Compound	DrugBank:DB00158	MONDO:0100233	long COVID-19	DrugBank:DB00158	FOLIC ACID
long COVID	Disease	MONDO:0100233	Prednisone	Compound	DrugBank:DB00635	MONDO:0100233	long COVID-19	DrugBank:DB00635	PREDNISONE
thrombosis	Disease	MONDO:0000831	Heparin	Compound	DrugBank:DB01109	MONDO:0000831	thrombotic disease	DrugBank:DB01109	Heparin
long COVID	Disease	MONDO:0100233	Omega-3 fatty acids	Compound	DrugBank:DB11133	MONDO:0100233	long COVID-19	DrugBank:DB11133	OMEGA-3 FATTY ACIDS
long COVID	Disease	MONDO:0100233	Quercetin	Compound	DrugBank:DB04216	MONDO:0100233	long COVID-19	DrugBank:DB04216	QUERCETIN
long COVID	Disease	MONDO:0100233	Sulforaphane	Compound	DrugBank:DB12422	MONDO:0100233	long COVID-19	DrugBank:DB12422	SULFORAPHANE, (R)-
long COVID	Disease	MONDO:0100233	Curcumin	Compound	DrugBank:DB11672	MONDO:0100233	long COVID-19	DrugBank:DB11672	CURCUMIN
long COVID	Disease	MONDO:0100233	Modafinil	Compound	DrugBank:DB00745	MONDO:0100233	long COVID-19	DrugBank:DB00745	MODAFINIL
long COVID	Disease	MONDO:0100233	SERPINE1	Gene	ENTREZ:5054	MONDO:0100233	long COVID-19	ENTREZ:5054	SERPINE1
interleukin-8 (IL-8)	Gene	ENTREZ:3576	chronic fatigue syndrome	Disease	MONDO:0005404	ENTREZ:3576	CXCL8	MONDO:0005404	myalgic encephalomeyelitis/chronic fatigue syndrome
IL-12p70	Protein	Unknown:Unknown	ME/CFS	Disease	MONDO:0005404			MONDO:0005404	myalgic encephalomeyelitis/chronic fatigue syndrome
IL-17F	Protein	Unknown:Unknown	ME/CFS	Disease	MONDO:0005404			MONDO:0005404	myalgic encephalomeyelitis/chronic fatigue syndrome
G-CSF	Protein	Unknown:Unknown	ME/CFS	Disease	MONDO:0005404			MONDO:0005404	myalgic encephalomeyelitis/chronic fatigue syndrome
long COVID	Disease	MONDO:0100233	S100A9	Gene	ENTREZ:6280	MONDO:0100233	long COVID-19	ENTREZ:6280	S100A9
long COVID	Disease	MONDO:0100233	HMGB1	Gene	ENTREZ:3146	MONDO:0100233	long COVID-19	ENTREZ:3146	HMGB1
long COVID	Disease	MONDO:0100233	CD8A	Gene	ENTREZ:925	MONDO:0100233	long COVID-19	ENTREZ:925	CD8A
long COVID	Disease	MONDO:0100233	CXCL8	Gene	ENTREZ:3576	MONDO:0100233	long COVID-19	ENTREZ:3576	CXCL8
long COVID	Disease	MONDO:0100233	decreased appetite	Symptom	SYMP:0000245	MONDO:0100233	long COVID-19	SYMP:0000245	decreased appetite
long COVID	Disease	MONDO:0100233	palpitation	Symptom	SYMP:0000530	MONDO:0100233	long COVID-19	SYMP:0000530	palpitation
long COVID	Disease	MONDO:0100233	malaise	Symptom	SYMP:0019176	MONDO:0100233	long COVID-19	SYMP:0019176	malaise
long COVID	Disease	MONDO:0100233	breathing problems	Symptom	SYMP:0000868	MONDO:0100233	long COVID-19	SYMP:0000868	breathing problems
long COVID	Disease	MONDO:0100233	rash	Symptom	SYMP:0000487	MONDO:0100233	long COVID-19	SYMP:0000487	rash
long COVID	Disease	MONDO:0100233	hair loss	Symptom	SYMP:0000440	MONDO:0100233	long COVID-19	SYMP:0000440	hair loss
long COVID	Disease	MONDO:0100233	Primary Ovarian Insufficiency	Disease	MESH:D016649	MONDO:0100233	long COVID-19	MONDO:0005387	primary ovarian failure
chronic fatigue syndrome	Disease	MONDO:0005404	HMGB1	Gene	ENTREZ:3146	MONDO:0005404	myalgic encephalomeyelitis/chronic fatigue syndrome	ENTREZ:3146	HMGB1
chronic fatigue syndrome	Disease	MONDO:0005404	CD8A	Gene	ENTREZ:925	MONDO:0005404	myalgic encephalomeyelitis/chronic fatigue syndrome	ENTREZ:925	CD8A
long COVID	Disease	MONDO:0100233	Headache	Symptom	SYMP:0000504	MONDO:0100233	long COVID-19	SYMP:0000504	headache
Oxaloacetate Ion	Compound	DrugBank:DB02637	Kainic Acid	Compound	MESH:D007608	DrugBank:DB02637	Oxaloacetate Ion	MESH:D007608	KAINIC ACID
chronic fatigue syndrome	Disease	MONDO:0005404	TP53	Gene	ENTREZ:7157	MONDO:0005404	myalgic encephalomeyelitis/chronic fatigue syndrome	ENTREZ:7157	TP53
chronic fatigue syndrome	Disease	MONDO:0005404	CDON	Gene	ENTREZ:50937	MONDO:0005404	myalgic encephalomeyelitis/chronic fatigue syndrome	ENTREZ:50937	CDON
Oxaloacetate Ion	Compound	DrugBank:DB02637	Hydrogen peroxide	Compound	DrugBank:DB11091	DrugBank:DB02637	Oxaloacetate Ion	DrugBank:DB11091	HYDROGEN PEROXIDE
Magnesium	Compound	DrugBank:DB14513	Vitamin D	Compound	DrugBank:DB11094	DrugBank:DB14513	Magnesium	DrugBank:DB11094	VITAMIN D
Selenium	Compound	DrugBank:DB11135	Selenocysteine	Compound	DrugBank:DB02345	DrugBank:DB11135	SELENIUM	DrugBank:DB02345	SELENOCYSTEINE
long COVID	Disease	MONDO:0100233	Human immunoglobulin G	Compound	DrugBank:DB00028	MONDO:0100233	long COVID-19	DrugBank:DB00028	Human immunoglobulin G
chronic fatigue syndrome	Disease	MONDO:0005404	INSR	Gene	ENTREZ:3643	MONDO:0005404	myalgic encephalomeyelitis/chronic fatigue syndrome	ENTREZ:3643	INSR
chronic fatigue syndrome	Disease	MONDO:0005404	SULF2	Gene	ENTREZ:55959	MONDO:0005404	myalgic encephalomeyelitis/chronic fatigue syndrome	ENTREZ:55959	SULF2
long COVID	Disease	MONDO:0100233	Oligomenorrhea	Disease	MESH:D009839	MONDO:0100233	long COVID-19	MESH:D009839	optic atrophy
long COVID	Disease	MONDO:0100233	Premenstrual Syndrome	Disease	MESH:D011293	MONDO:0100233	long COVID-19	MONDO:0004169	premenstrual tension
long COVID	Disease	MONDO:0100233	insomnia	Symptom	SYMP:0000571	MONDO:0100233	long COVID-19	SYMP:0000571	insomnia
long COVID	Disease	MONDO:0100233	ovarian dysfunction	Disease	MONDO:0001889	MONDO:0100233	long COVID-19	MONDO:0001889	ovarian dysfunction
long COVID	Disease	MONDO:0100233	Cough	Symptom	SYMP:0000614	MONDO:0100233	long COVID-19	SYMP:0000614	cough
2-5A synthetase/RNase L pathway	Pathway	Unknown:Unknown	CFS	Disease	MONDO:0005404			MONDO:0005404	myalgic encephalomeyelitis/chronic fatigue syndrome
long COVID	Disease	MONDO:0100233	anxiety	Symptom	SYMP:0000412	MONDO:0100233	long COVID-19	SYMP:0000412	anxiety
long COVID	Disease	MONDO:0100233	depression	Symptom	SYMP:0000022	MONDO:0100233	long COVID-19	SYMP:0000022	depression
long COVID	Disease	MONDO:0100233	palpitation	Symptom	SYMP:0000530	MONDO:0100233	long COVID-19	SYMP:0000530	palpitation
long COVID	Disease	MONDO:0100233	tachycardia	Symptom	SYMP:0000529	MONDO:0100233	long COVID-19	SYMP:0000529	tachycardia
long COVID	Disease	MONDO:0100233	muscle tissue	Anatomy	UBERON:0002385	MONDO:0100233	long COVID-19	UBERON:0002385	muscle tissue
long COVID	Disease	MONDO:0100233	disorientation	Symptom	SYMP:0000023	MONDO:0100233	long COVID-19	SYMP:0000023	disorientation
long COVID	Disease	MONDO:0100233	S100A8	Gene	ENTREZ:6279	MONDO:0100233	long COVID-19	ENTREZ:6279	S100A8
long COVID	Disease	MONDO:0100233	24-Homo-1,25-dihydroxyvitamin D3	Compound	DrugBank:DB15557	MONDO:0100233	long COVID-19	DrugBank:DB15557	24-HOMO-1,25-DIHYDROXYVITAMIN D3
long COVID	Disease	MONDO:0100233	Tocilizumab	Compound	DrugBank:DB06273	MONDO:0100233	long COVID-19	DrugBank:DB06273	Tocilizumab
long COVID	Disease	MONDO:0100233	Fenofibrate	Compound	DrugBank:DB01039	MONDO:0100233	long COVID-19	DrugBank:DB01039	FENOFIBRATE
chronic fatigue syndrome	Disease	MONDO:0005404	Curcumin	Compound	DrugBank:DB11672	MONDO:0005404	myalgic encephalomeyelitis/chronic fatigue syndrome	DrugBank:DB11672	CURCUMIN
long COVID	Disease	MONDO:0100233	Myocarditis	Disease	MONDO:0004496	MONDO:0100233	long COVID-19	MONDO:0004496	myocarditis
chronic fatigue syndrome	Disease	MONDO:0005404	Magnesium	Compound	DrugBank:DB14513	MONDO:0005404	myalgic encephalomeyelitis/chronic fatigue syndrome	DrugBank:DB14513	Magnesium
chronic fatigue syndrome	Disease	MONDO:0005404	kidney	Anatomy	UBERON:0002113	MONDO:0005404	myalgic encephalomeyelitis/chronic fatigue syndrome	UBERON:0002113	kidney
long COVID	Disease	MONDO:0100233	Butyrates	Compound	MESH:D002087	MONDO:0100233	long COVID-19	MESH:C475595	LINALYL BUTYRATE
long COVID	Disease	MONDO:0100233	vagus nerve	Anatomy	UBERON:0001759	MONDO:0100233	long COVID-19	UBERON:0001759	vagus nerve
long COVID	Disease	MONDO:0100233	pons	Anatomy	UBERON:0000988	MONDO:0100233	long COVID-19	UBERON:0000988	pons
allergic	Symptom	SYMP:0000900	myalgic encephalomyelitis/chronic fatigue syndrome (ME/CFS)	Disease	MONDO:0005404	SYMP:0000900	allergic reaction	MONDO:0005404	myalgic encephalomeyelitis/chronic fatigue syndrome
kidneys	Anatomy	MESH:D007668	long COVID	Disease	MONDO:0100233	MESH:D007668	Kidney	MONDO:0100233	long COVID-19
fatigue	Symptom	SYMP:0019177	ME/CFS	Disease	MONDO:0005404	SYMP:0019177	fatigue	MONDO:0005404	myalgic encephalomeyelitis/chronic fatigue syndrome
cognitive difficulties	Symptom	Unknown:Unknown	ME/CFS	Disease	MONDO:0005404			MONDO:0005404	myalgic encephalomeyelitis/chronic fatigue syndrome
CT38s (a short-lived, CRFR2-selective agonist, with no known off-target activity)	Compound	Unknown:Unknown	Myalgic encephalomyelitis/chronic fatigue syndrome (ME/CFS)	Disease	MONDO:0005404			MONDO:0005404	myalgic encephalomeyelitis/chronic fatigue syndrome
pain	Symptom	SYMP:0000099	myalgic encephalomyelitis/chronic fatigue syndrome (ME/CFS)	Disease	MONDO:0005404	SYMP:0000099	pain	MONDO:0005404	myalgic encephalomeyelitis/chronic fatigue syndrome
sleep disturbance	Symptom	SYMP:0000566	myalgic encephalomyelitis/chronic fatigue syndrome (ME/CFS)	Disease	MONDO:0005404	SYMP:0000566	sleep disturbance	MONDO:0005404	myalgic encephalomeyelitis/chronic fatigue syndrome
fatigue	Symptom	SYMP:0019177	myalgic encephalomyelitis/chronic fatigue syndrome (ME/CFS)	Disease	MONDO:0005404	SYMP:0019177	fatigue	MONDO:0005404	myalgic encephalomeyelitis/chronic fatigue syndrome
interleukin 1-β	Protein	Unknown:Unknown	Myalgic Encephalomyelitis or Chronic Fatigue Syndrome (ME/CFS)	Disease	MONDO:0005404			MONDO:0005404	myalgic encephalomeyelitis/chronic fatigue syndrome
keratin 16	Protein	Unknown:Unknown	CFS	Disease	MONDO:0005404			MONDO:0005404	myalgic encephalomeyelitis/chronic fatigue syndrome
orosomucoid 2	Protein	Unknown:Unknown	CFS	Disease	MONDO:0005404			MONDO:0005404	myalgic encephalomeyelitis/chronic fatigue syndrome
CXCL1	Protein	Unknown:Unknown	Myalgic Encephalomyelitis or Chronic Fatigue Syndrome (ME/CFS)	Disease	MONDO:0005404			MONDO:0005404	myalgic encephalomeyelitis/chronic fatigue syndrome
respiratory problems	Symptom	SYMP:0019153	long COVID	Disease	MONDO:0100233	SYMP:0019153	dyspnea	MONDO:0100233	long COVID-19
oxygen-ozone autohemotherapy (O2-O3-AHT)	Compound	Unknown:Unknown	Myalgic Encephalomyelitis/Chronic Fatigue Syndrome (ME/CFS)	Disease	MONDO:0005404			MONDO:0005404	myalgic encephalomeyelitis/chronic fatigue syndrome
homocysteine	Metabolite	HMDB:HMDB0000742	folate-mediated one-carbon metabolism (FOCM)	Pathway	Unknown:Unknown	HMDB:HMDB0000742	HOMOCYSTEINE		
fatigue	Symptom	MESH:D005221	WASF3	Gene	ENTREZ:10810	MESH:D005221	Fatigue	ENTREZ:10810	WASF3
p38 MAPK regulatory pathway	Pathway	Unknown:Unknown	WASF3	Gene	ENTREZ:10810			ENTREZ:10810	WASF3
long COVID	Disease	MONDO:0100233	Nausea	Symptom	SYMP:0000458	MONDO:0100233	long COVID-19	SYMP:0000458	nausea
long COVID	Disease	MONDO:0100233	Sleep Disorders	Symptom	SYMP:0000566	MONDO:0100233	long COVID-19	SYMP:0000566	sleep disturbance
Chest Pain	Disease	MESH:D002637	Sulodexide	Compound	DrugBank:DB06271	MESH:D002637	multiple epiphyseal dysplasia, Lowry type	DrugBank:DB06271	Sulodexide
B2M	Gene	ENTREZ:567	Dexamethasone	Compound	DrugBank:DB01234	ENTREZ:567	B2M	DrugBank:DB01234	DEXAMETHASONE
SERPINE1	Gene	ENTREZ:5054	Dexamethasone	Compound	DrugBank:DB01234	ENTREZ:5054	SERPINE1	DrugBank:DB01234	DEXAMETHASONE
long COVID	Disease	MONDO:0100233	Ganciclovir	Compound	DrugBank:DB01004	MONDO:0100233	long COVID-19	DrugBank:DB01004	GANCICLOVIR
long COVID	Disease	MONDO:0100233	Amitriptyline	Compound	DrugBank:DB00321	MONDO:0100233	long COVID-19	DrugBank:DB00321	AMITRIPTYLINE
long COVID	Disease	MONDO:0100233	Vitamin E	Compound	DrugBank:DB00163	MONDO:0100233	long COVID-19	DrugBank:DB00163	.ALPHA.-TOCOPHEROL, D-
long COVID	Disease	MONDO:0100233	Resveratrol	Compound	DrugBank:DB02709	MONDO:0100233	long COVID-19	DrugBank:DB02709	RESVERATROL
pigment epithelium-derived factor	Protein	Unknown:Unknown	CFS	Disease	MONDO:0005404			MONDO:0005404	myalgic encephalomeyelitis/chronic fatigue syndrome
long COVID	Disease	MONDO:0100233	TP53	Gene	ENTREZ:7157	MONDO:0100233	long COVID-19	ENTREZ:7157	TP53
long COVID	Disease	MONDO:0100233	ear	Anatomy	UBERON:0001690	MONDO:0100233	long COVID-19	UBERON:0001690	ear
orthostatic intolerance	Symptom	MESH:D054971	myalgic encephalomyelitis/chronic fatigue syndrome (ME/CFS)	Disease	MONDO:0005404	MESH:D054971	Orthostatic Intolerance	MONDO:0005404	myalgic encephalomeyelitis/chronic fatigue syndrome
IL-16	Protein	Unknown:Unknown	ME/CFS	Disease	MONDO:0005404			MONDO:0005404	myalgic encephalomeyelitis/chronic fatigue syndrome
Faecalibacterium prausnitzii	Microbe	Unknown:Unknown	PACS	Disease	MONDO:0100233			MONDO:0100233	long COVID-19
Actinomyces naeslundii	Microbe	Unknown:Unknown	fatigue	Symptom	SYMP:0019177			SYMP:0019177	fatigue
malaise	Symptom	SYMP:0019176	long-haul COVID	Disease	MONDO:0100233	SYMP:0019176	malaise	MONDO:0100233	long COVID-19
Streptococcus	Microbe	Unknown:Unknown	Chronic Fatigue Syndrome (CFS)	Disease	MONDO:0005404			MONDO:0005404	myalgic encephalomeyelitis/chronic fatigue syndrome
Lactobacillus	Microbe	Unknown:Unknown	Chronic Fatigue Syndrome (CFS)	Disease	MONDO:0005404			MONDO:0005404	myalgic encephalomeyelitis/chronic fatigue syndrome
IL-1α	Protein	Unknown:Unknown	myalgic encephalomyelitis/chronic fatigue syndrome (ME/CFS)	Disease	MONDO:0005404			MONDO:0005404	myalgic encephalomeyelitis/chronic fatigue syndrome
IL-6	Protein	Unknown:Unknown	myalgic encephalomyelitis/chronic fatigue syndrome (ME/CFS)	Disease	MONDO:0005404			MONDO:0005404	myalgic encephalomeyelitis/chronic fatigue syndrome
citrulline	Metabolite	HMDB:HMDB0000904	CFS	Disease	MONDO:0005404	HMDB:HMDB0000904	CITRULLINE	MONDO:0005404	myalgic encephalomeyelitis/chronic fatigue syndrome
IL-8	Protein	Unknown:Unknown	myalgic encephalomyelitis/chronic fatigue syndrome (ME/CFS)	Disease	MONDO:0005404			MONDO:0005404	myalgic encephalomeyelitis/chronic fatigue syndrome
regulatory T (Tregs)	BiologicalProcess	Unknown:Unknown	Chronic Fatigue Syndrome/Myalgic Encephalomyelitis (CFS/ME)	Disease	MONDO:0005404			MONDO:0005404	myalgic encephalomeyelitis/chronic fatigue syndrome
invariant Natural Killer T (iNKT)	BiologicalProcess	Unknown:Unknown	Chronic Fatigue Syndrome/Myalgic Encephalomyelitis (CFS/ME)	Disease	MONDO:0005404			MONDO:0005404	myalgic encephalomeyelitis/chronic fatigue syndrome
rintatolimod	Compound	Unknown:Unknown	CFS/ME	Disease	MONDO:0005404			MONDO:0005404	myalgic encephalomeyelitis/chronic fatigue syndrome
fatigue	Symptom	SYMP:0019177	long COVID	Disease	MONDO:0100233	SYMP:0019177	fatigue	MONDO:0100233	long COVID-19
loss of smell	Symptom	SYMP:0000551	long COVID	Disease	MONDO:0100233	SYMP:0000551	disturbances of sensation of smell and taste	MONDO:0100233	long COVID-19
loss of taste	Symptom	SYMP:0000551	long COVID	Disease	MONDO:0100233	SYMP:0000551	disturbances of sensation of smell and taste	MONDO:0100233	long COVID-19
muscle weakness	Symptom	SYMP:0000094	long COVID	Disease	MONDO:0100233	SYMP:0000094	muscle weakness	MONDO:0100233	long COVID-19
chest pain	Symptom	SYMP:0000576	long COVID	Disease	MONDO:0100233	SYMP:0000576	chest pain	MONDO:0100233	long COVID-19
Toll-Like Receptor 3 (TLR3)	Protein	Unknown:Unknown	rintatolimod	Compound	Unknown:Unknown				
riboflavin	Pathway	KEGG:hsa00740	CFS	Disease	MONDO:0005404	KEGG:hsa00740	Riboflavin metabolism	MONDO:0005404	myalgic encephalomeyelitis/chronic fatigue syndrome
cytosolic helicases	Protein	Unknown:Unknown	rintatolimod	Compound	Unknown:Unknown				
2'-5' adenylate synthetase	Protein	Unknown:Unknown	rintatolimod	Compound	Unknown:Unknown				
protein kinase R	Protein	Unknown:Unknown	rintatolimod	Compound	Unknown:Unknown				
lipopolysaccharide (LPS)	Compound	MESH:D004731	ME/CFS	Disease	MONDO:0005404	MESH:D004731	Endotoxins	MONDO:0005404	myalgic encephalomeyelitis/chronic fatigue syndrome
LPS-binding protein (LBP)	Gene	Unknown:Unknown	ME/CFS	Disease	MONDO:0005404			MONDO:0005404	myalgic encephalomeyelitis/chronic fatigue syndrome
soluble CD14 (sCD14)	Protein	Unknown:Unknown	ME/CFS	Disease	MONDO:0005404			MONDO:0005404	myalgic encephalomeyelitis/chronic fatigue syndrome
phospholipid	Pathway	Unknown:Unknown	CFS	Disease	MONDO:0005404			MONDO:0005404	myalgic encephalomeyelitis/chronic fatigue syndrome
cholesterol	Pathway	Unknown:Unknown	CFS	Disease	MONDO:0005404			MONDO:0005404	myalgic encephalomeyelitis/chronic fatigue syndrome
purine	Pathway	Unknown:Unknown	CFS	Disease	MONDO:0005404			MONDO:0005404	myalgic encephalomeyelitis/chronic fatigue syndrome
pyrroline-5-carboxylate	Pathway	Unknown:Unknown	CFS	Disease	MONDO:0005404			MONDO:0005404	myalgic encephalomeyelitis/chronic fatigue syndrome
mitochondrial metabolism	Pathway	Unknown:Unknown	CFS	Disease	MONDO:0005404			MONDO:0005404	myalgic encephalomeyelitis/chronic fatigue syndrome
peroxisomal	Pathway	REACT:R-HSA-390918	CFS	Disease	MONDO:0005404	REACT:R-HSA-390918	Peroxisomal lipid metabolism	MONDO:0005404	myalgic encephalomeyelitis/chronic fatigue syndrome
muscle	Anatomy	MESH:D009132	ME/CFS	Disease	MONDO:0005404	MESH:D009132	Muscles	MONDO:0005404	myalgic encephalomeyelitis/chronic fatigue syndrome
CD26	Protein	Unknown:Unknown	ME/CFS	Disease	MONDO:0005404			MONDO:0005404	myalgic encephalomeyelitis/chronic fatigue syndrome
isocitrate	Metabolite	HMDB:HMDB0304324	CFS	Disease	MONDO:0005404	HMDB:HMDB0304324	D-threo-isocitrate	MONDO:0005404	myalgic encephalomeyelitis/chronic fatigue syndrome
DNA methylation modifications	BiologicalProcess	GO:0006306	glucocorticoid	Compound	MESH:D005938	GO:0006306	DNA methylation	MESH:D005938	Glucocorticoids
DNA methylation modifications	BiologicalProcess	GO:0006306	hypothalamic-pituitary-adrenal (HPA) axis function	BiologicalProcess	Unknown:Unknown	GO:0006306	DNA methylation		
hypothalamic-pituitary-adrenal (HPA) axis function	BiologicalProcess	Unknown:Unknown	ME/CFS	Disease	MONDO:0005404			MONDO:0005404	myalgic encephalomeyelitis/chronic fatigue syndrome
activin B	Gene	Unknown:Unknown	CFS/ME	Disease	MONDO:0005404			MONDO:0005404	myalgic encephalomeyelitis/chronic fatigue syndrome
TGF-β	Protein	Unknown:Unknown	ME/CFS	Disease	MONDO:0005404			MONDO:0005404	myalgic encephalomeyelitis/chronic fatigue syndrome
resistin	Protein	Unknown:Unknown	ME/CFS	Disease	MONDO:0005404			MONDO:0005404	myalgic encephalomeyelitis/chronic fatigue syndrome
CCL11 (Eotaxin-1)	Protein	Unknown:Unknown	ME/CFS	Disease	MONDO:0005404			MONDO:0005404	myalgic encephalomeyelitis/chronic fatigue syndrome
Gliotoxin (GT)	Compound	MESH:D005912	Myalgic encephalomyelitis/chronic fatigue syndrome (ME/CFS)	Disease	MONDO:0005404	MESH:D005912	Gliotoxin	MONDO:0005404	myalgic encephalomeyelitis/chronic fatigue syndrome
SARS-CoV-2 RNAemia	Disease	MONDO:0100318	Post-acute sequelae of COVID-19 (PASC)	Disease	MONDO:0100233	MONDO:0100318	obsolete SARS-CoV-2-related disease	MONDO:0100233	long COVID-19
CXCL1 (GROα)	Protein	Unknown:Unknown	ME/CFS	Disease	MONDO:0005404			MONDO:0005404	myalgic encephalomeyelitis/chronic fatigue syndrome
CXCL10 (IP-10)	Protein	Unknown:Unknown	ME/CFS	Disease	MONDO:0005404			MONDO:0005404	myalgic encephalomeyelitis/chronic fatigue syndrome
CXCL9 (MIG)	Protein	Unknown:Unknown	fatigue	Symptom	MESH:D005221			MESH:D005221	Fatigue
IL-5	Protein	Unknown:Unknown	ME/CFS	Disease	MONDO:0005404			MONDO:0005404	myalgic encephalomeyelitis/chronic fatigue syndrome
IL-4	Protein	Unknown:Unknown	ME/CFS	Disease	MONDO:0005404			MONDO:0005404	myalgic encephalomeyelitis/chronic fatigue syndrome
IL-7	Protein	Unknown:Unknown	ME/CFS	Disease	MONDO:0005404			MONDO:0005404	myalgic encephalomeyelitis/chronic fatigue syndrome
NK cytotoxic activity	BiologicalProcess	Unknown:Unknown	CFS/ME	Disease	MONDO:0005404			MONDO:0005404	myalgic encephalomeyelitis/chronic fatigue syndrome
IL-13	Protein	Unknown:Unknown	ME/CFS	Disease	MONDO:0005404			MONDO:0005404	myalgic encephalomeyelitis/chronic fatigue syndrome
GM-CSF	Protein	Unknown:Unknown	ME/CFS	Disease	MONDO:0005404			MONDO:0005404	myalgic encephalomeyelitis/chronic fatigue syndrome
NGF	Protein	Unknown:Unknown	ME/CFS	Disease	MONDO:0005404			MONDO:0005404	myalgic encephalomeyelitis/chronic fatigue syndrome
TGF-α	Protein	Unknown:Unknown	ME/CFS	Disease	MONDO:0005404			MONDO:0005404	myalgic encephalomeyelitis/chronic fatigue syndrome
platelet activator inhibitor	Protein	Unknown:Unknown	Myalgic Encephalomyelitis or Chronic Fatigue Syndrome (ME/CFS)	Disease	MONDO:0005404			MONDO:0005404	myalgic encephalomeyelitis/chronic fatigue syndrome
interferon-α	Protein	Unknown:Unknown	Myalgic Encephalomyelitis or Chronic Fatigue Syndrome (ME/CFS)	Disease	MONDO:0005404			MONDO:0005404	myalgic encephalomeyelitis/chronic fatigue syndrome
type 2 diabetes	Disease	MONDO:0005148	Post-acute sequelae of COVID-19 (PASC)	Disease	MONDO:0100233	MONDO:0005148	type 2 diabetes mellitus	MONDO:0100233	long COVID-19
rituximab	Compound	DrugBank:DB00073	ME/CFS	Disease	MONDO:0005404	DrugBank:DB00073	Rituximab	MONDO:0005404	myalgic encephalomeyelitis/chronic fatigue syndrome
activin B	Protein	Unknown:Unknown	ME/CFS	Disease	MONDO:0005404			MONDO:0005404	myalgic encephalomeyelitis/chronic fatigue syndrome
extracellular vesicles (EVs)	CellularComponent	GO:1903561	CFS/ME	Disease	MONDO:0005404	GO:1903561	extracellular vesicle	MONDO:0005404	myalgic encephalomeyelitis/chronic fatigue syndrome
mitochondrial dysfunction	Pathway	Unknown:Unknown	ME/CFS	Disease	MONDO:0005404			MONDO:0005404	myalgic encephalomeyelitis/chronic fatigue syndrome
coenzyme Q10	Compound	Unknown:Unknown	ME/CFS	Disease	MONDO:0005404			MONDO:0005404	myalgic encephalomeyelitis/chronic fatigue syndrome
melatonin	Compound	DrugBank:DB01065	ME/CFS	Disease	MONDO:0005404	DrugBank:DB01065	MELATONIN	MONDO:0005404	myalgic encephalomeyelitis/chronic fatigue syndrome
WASF3	Gene	ENTREZ:10810	CFS	Disease	MONDO:0005404	ENTREZ:10810	WASF3	MONDO:0005404	myalgic encephalomeyelitis/chronic fatigue syndrome
TNF-α	Protein	Unknown:Unknown	CFS/ME	Disease	MONDO:0005404			MONDO:0005404	myalgic encephalomeyelitis/chronic fatigue syndrome
sphingolipid	Pathway	WikiPathways:WP1424	CFS	Disease	MONDO:0005404	WikiPathways:WP1424	Globo Sphingolipid Metabolism	MONDO:0005404	myalgic encephalomeyelitis/chronic fatigue syndrome
curcumin	Compound	DrugBank:DB11672	ME/CFS	Disease	MONDO:0005404	DrugBank:DB11672	CURCUMIN	MONDO:0005404	myalgic encephalomeyelitis/chronic fatigue syndrome
molecular hydrogen	Compound	DrugBank:DB15127	ME/CFS	Disease	MONDO:0005404	DrugBank:DB15127	HYDROGEN	MONDO:0005404	myalgic encephalomeyelitis/chronic fatigue syndrome
N-acetylcysteine	Compound	MESH:C098444	ME/CFS	Disease	MONDO:0005404	MESH:C098444	S-(N,N-diethyldithiocarbamoyl)-N-acetylcysteine	MONDO:0005404	myalgic encephalomeyelitis/chronic fatigue syndrome
NK cell cytotoxicity	BiologicalProcess	Unknown:Unknown	ME/CFS	Disease	MONDO:0005404			MONDO:0005404	myalgic encephalomeyelitis/chronic fatigue syndrome
glycolysis	Pathway	KEGG:hsa00010	CD8+ T cell	BiologicalProcess	Unknown:Unknown	KEGG:hsa00010	Glycolysis / Gluconeogenesis		
mitochondrial membrane potential	BiologicalProcess	GO:0010917	CD8+ T cell	BiologicalProcess	Unknown:Unknown	GO:0010917	negative regulation of mitochondrial membrane potential		
creatine kinase (CK)	Gene	Unknown:Unknown	ME/CFS	Disease	MONDO:0005404			MONDO:0005404	myalgic encephalomeyelitis/chronic fatigue syndrome
extracellular vesicles (EVs)	BiologicalProcess	GO:0140112	ME/CFS	Disease	MONDO:0005404	GO:0140112	extracellular vesicle biogenesis	MONDO:0005404	myalgic encephalomeyelitis/chronic fatigue syndrome
peripheral blood mononuclear cells (PBMCs)	BiologicalProcess	Unknown:Unknown	ME/CFS	Disease	MONDO:0005404			MONDO:0005404	myalgic encephalomeyelitis/chronic fatigue syndrome
orthostatic intolerance	Symptom	MESH:D054971	cerebral blood flow (CBF)	BiologicalProcess	GO:0120275	MESH:D054971	Orthostatic Intolerance	GO:0120275	cerebral blood circulation
chronic fatigue syndrome/myalgic encephalomyelitis (ME/CFS)	Disease	MONDO:0005404	cerebral blood flow (CBF)	BiologicalProcess	GO:0120275	MONDO:0005404	myalgic encephalomeyelitis/chronic fatigue syndrome	GO:0120275	cerebral blood circulation
delayed orthostatic hypotension (dOH)	Disease	MONDO:0005469	chronic fatigue syndrome/myalgic encephalomyelitis (ME/CFS)	Disease	MONDO:0005404	MONDO:0005469	orthostatic hypotension	MONDO:0005404	myalgic encephalomeyelitis/chronic fatigue syndrome
postural orthostatic tachycardia syndrome (POTS)	Disease	MONDO:0011479	chronic fatigue syndrome/myalgic encephalomyelitis (ME/CFS)	Disease	MONDO:0005404	MONDO:0011479	postural orthostatic tachycardia syndrome	MONDO:0005404	myalgic encephalomeyelitis/chronic fatigue syndrome
favipiravir	Compound	DrugBank:DB12466	COVID-19	Disease	MONDO:0100096	DrugBank:DB12466	FAVIPIRAVIR	MONDO:0100096	COVID-19
hydroxychloroquine	Compound	DrugBank:DB01611	COVID-19	Disease	MONDO:0100096	DrugBank:DB01611	HYDROXYCHLOROQUINE	MONDO:0100096	COVID-19
amyloid precursor-like protein 1	Protein	Unknown:Unknown	CFS	Disease	MONDO:0005404			MONDO:0005404	myalgic encephalomeyelitis/chronic fatigue syndrome
iNKT CD62L	Protein	Unknown:Unknown	CFS/ME	Disease	MONDO:0005404			MONDO:0005404	myalgic encephalomeyelitis/chronic fatigue syndrome
peripheral blood mononuclear cells (PBMCs)	BiologicalProcess	Unknown:Unknown	microRNAs (miRNAs)	Gene	Unknown:Unknown				
microRNAs (miRNAs)	Gene	Unknown:Unknown	Myalgic encephalomyelitis/chronic fatigue syndrome (ME/CFS)	Disease	MONDO:0005404			MONDO:0005404	myalgic encephalomeyelitis/chronic fatigue syndrome
Human herpesvirus (HHV)-6	Microbe	Unknown:Unknown	Myalgic encephalomyelitis/chronic fatigue syndrome (ME/CFS)	Disease	MONDO:0005404			MONDO:0005404	myalgic encephalomeyelitis/chronic fatigue syndrome
dyspnea	Symptom	SYMP:0019153	long-term post-COVID	Disease	MONDO:0100233	SYMP:0019153	dyspnea	MONDO:0100233	long COVID-19
1-carbon metabolism	Pathway	Unknown:Unknown	Human herpesvirus (HHV)-6	Microbe	Unknown:Unknown				
Faecalibacterium prausnitzii	Microbe	Unknown:Unknown	ME/CFS	Disease	MONDO:0005404			MONDO:0005404	myalgic encephalomeyelitis/chronic fatigue syndrome
dUTPase	Gene	Unknown:Unknown	Human herpesvirus (HHV)-6	Microbe	Unknown:Unknown				
thymidylate synthase	Protein	Unknown:Unknown	Human herpesvirus (HHV)-6	Microbe	Unknown:Unknown				
superoxide dismutase 2	Protein	Unknown:Unknown	Human herpesvirus (HHV)-6	Microbe	Unknown:Unknown				
pyruvate dehydrogenase	Protein	Unknown:Unknown	Human herpesvirus (HHV)-6	Microbe	Unknown:Unknown				
cerebral blood flow (CBF)	BiologicalProcess	GO:0120275	myalgic encephalomyelitis/chronic fatigue syndrome (ME/CFS)	Disease	MONDO:0005404	GO:0120275	cerebral blood circulation	MONDO:0005404	myalgic encephalomeyelitis/chronic fatigue syndrome
IL-17A	Protein	Unknown:Unknown	CFS/ME	Disease	MONDO:0005404			MONDO:0005404	myalgic encephalomeyelitis/chronic fatigue syndrome
IL-10	Gene	Unknown:Unknown	CFS/ME	Disease	MONDO:0005404			MONDO:0005404	myalgic encephalomeyelitis/chronic fatigue syndrome
CD56(bright) NK receptors	Protein	Unknown:Unknown	CFS/ME	Disease	MONDO:0005404			MONDO:0005404	myalgic encephalomeyelitis/chronic fatigue syndrome
orthostatic intolerance	Symptom	MESH:D054971	myalgic encephalomyelitis/chronic fatigue syndrome (ME/CFS)	Disease	MONDO:0005404	MESH:D054971	Orthostatic Intolerance	MONDO:0005404	myalgic encephalomeyelitis/chronic fatigue syndrome
pituitary gland	Anatomy	MESH:D010902	Myalgic encephalomyelitis/chronic fatigue syndrome (ME/CFS)	Disease	MONDO:0005404	MESH:D010902	Pituitary Gland	MONDO:0005404	myalgic encephalomeyelitis/chronic fatigue syndrome
thyroid hormone	Compound	MESH:D013974	Myalgic encephalomyelitis/chronic fatigue syndrome (ME/CFS)	Disease	MONDO:0005404	DrugBank:DB00451	LEVOTHYROXINE	MONDO:0005404	myalgic encephalomeyelitis/chronic fatigue syndrome
oxidative and nitrosative stress (O&NS)	BiologicalProcess	Unknown:Unknown	Myalgic encephalomyelitis/chronic fatigue syndrome (ME/CFS)	Disease	MONDO:0005404			MONDO:0005404	myalgic encephalomeyelitis/chronic fatigue syndrome
mitochondria	CellularComponent	GO:0005739	ME/CFS	Disease	MONDO:0005404	GO:0005739	mitochondrion	MONDO:0005404	myalgic encephalomeyelitis/chronic fatigue syndrome
malaise	Symptom	SYMP:0019176	post-acute sequelae	Disease	MONDO:0100233	SYMP:0019176	malaise	MONDO:0100233	long COVID-19
anaemia	Disease	SYMP:0000208	post-acute sequelae	Disease	MONDO:0100233			MONDO:0100233	long COVID-19
fatigue	Symptom	SYMP:0019177	post-acute sequelae	Disease	MONDO:0100233	SYMP:0019177	fatigue	MONDO:0100233	long COVID-19
musculoskeletal pain	Symptom	MESH:D059352	post-acute sequelae	Disease	MONDO:0100233	MESH:D059352	Musculoskeletal Pain	MONDO:0100233	long COVID-19
fatigue	Symptom	SYMP:0019177	Long COVID	Disease	MONDO:0005404	SYMP:0019177	fatigue	MONDO:0005404	myalgic encephalomeyelitis/chronic fatigue syndrome
headache	Symptom	MESH:D006261	Long COVID	Disease	MONDO:0005404	MESH:D006261	Headache	MONDO:0005404	myalgic encephalomeyelitis/chronic fatigue syndrome
dyspnea	Symptom	SYMP:0019153	Long COVID	Disease	MONDO:0005404	SYMP:0019153	dyspnea	MONDO:0005404	myalgic encephalomeyelitis/chronic fatigue syndrome
anosmia	Symptom	Unknown:Unknown	Long COVID	Disease	MONDO:0005404			MONDO:0005404	myalgic encephalomeyelitis/chronic fatigue syndrome
histamine	MolecularFunction	GO:0031964	allergic	Symptom	SYMP:0000900	GO:0031964	beta-alanyl-histamine hydrolase activity	SYMP:0000900	allergic reaction
COVID-19	Disease	MONDO:0100096	myalgic encephalomyelitis/chronic fatigue syndrome (ME/CFS)	Disease	MONDO:0005404	MONDO:0100096	COVID-19	MONDO:0005404	myalgic encephalomeyelitis/chronic fatigue syndrome
postural tachycardia syndrome	Disease	MONDO:0011479	myalgic encephalomyelitis/chronic fatigue syndrome (ME/CFS)	Disease	MONDO:0005404	MONDO:0011479	postural orthostatic tachycardia syndrome	MONDO:0005404	myalgic encephalomeyelitis/chronic fatigue syndrome
heart	Anatomy	MESH:D006321	long COVID	Disease	MONDO:0100233	MESH:D006321	Heart	MONDO:0100233	long COVID-19
brain	Anatomy	MESH:D001921	long COVID	Disease	MONDO:0100233	MESH:D001921	Brain	MONDO:0100233	long COVID-19
myalgic encephalomyelitis/chronic fatigue syndrome (ME/CFS)	Disease	MONDO:0005404	long COVID	Disease	MONDO:0100233	MONDO:0005404	myalgic encephalomeyelitis/chronic fatigue syndrome	MONDO:0100233	long COVID-19
pyruvate dehydrogenase	Metabolite	Unknown:Unknown	Myalgic encephalomyelitis/chronic fatigue syndrome (ME/CFS)	Disease	MONDO:0005404			MONDO:0005404	myalgic encephalomeyelitis/chronic fatigue syndrome
coenzyme A	Metabolite	Unknown:Unknown	Myalgic encephalomyelitis/chronic fatigue syndrome (ME/CFS)	Disease	MONDO:0005404			MONDO:0005404	myalgic encephalomeyelitis/chronic fatigue syndrome
intracellular ATP	Metabolite	HMDB:HMDB0000538	Myalgic encephalomyelitis/chronic fatigue syndrome (ME/CFS)	Disease	MONDO:0005404	HMDB:HMDB0000538	ADENOSINE TRIPHOSPHATE	MONDO:0005404	myalgic encephalomeyelitis/chronic fatigue syndrome
insomnia	Symptom	SYMP:0000571	TGFB	Protein	Unknown:Unknown	SYMP:0000571	insomnia		
fibronectin (FN1)	Protein	Unknown:Unknown	Myalgic Encephalomyelitis/ Chronic Fatigue syndrome (ME/CFS)	Disease	MONDO:0005404			MONDO:0005404	myalgic encephalomeyelitis/chronic fatigue syndrome
postexertional malaise	Symptom	SYMP:0019176	myalgic encephalomyelitis/chronic fatigue syndrome (ME/CFS)	Disease	MONDO:0005404	SYMP:0019176	malaise	MONDO:0005404	myalgic encephalomeyelitis/chronic fatigue syndrome
profound fatigue	Symptom	SYMP:0019177	myalgic encephalomyelitis/chronic fatigue syndrome (ME/CFS)	Disease	MONDO:0005404	SYMP:0019177	fatigue	MONDO:0005404	myalgic encephalomeyelitis/chronic fatigue syndrome
unrefreshing sleep	Symptom	SYMP:0000566	myalgic encephalomyelitis/chronic fatigue syndrome (ME/CFS)	Disease	MONDO:0005404	SYMP:0000566	sleep disturbance	MONDO:0005404	myalgic encephalomeyelitis/chronic fatigue syndrome
cognitive deficits	Symptom	Unknown:Unknown	myalgic encephalomyelitis/chronic fatigue syndrome (ME/CFS)	Disease	MONDO:0005404			MONDO:0005404	myalgic encephalomeyelitis/chronic fatigue syndrome
orthostatic intolerance	Symptom	MESH:D054971	myalgic encephalomyelitis/chronic fatigue syndrome (ME/CFS)	Disease	MONDO:0005404	MESH:D054971	Orthostatic Intolerance	MONDO:0005404	myalgic encephalomeyelitis/chronic fatigue syndrome
plasma phospholipids (PL)	Metabolite	Unknown:Unknown	Myalgic encephalomyelitis/chronic fatigue syndrome (ME/CFS)	Disease	MONDO:0005404			MONDO:0005404	myalgic encephalomeyelitis/chronic fatigue syndrome
Naïve CD8(+)T cells	BiologicalProcess	Unknown:Unknown	CFS/ME	Disease	MONDO:0005404			MONDO:0005404	myalgic encephalomeyelitis/chronic fatigue syndrome
CD8(-)CD4(-)	BiologicalProcess	Unknown:Unknown	CFS/ME	Disease	MONDO:0005404			MONDO:0005404	myalgic encephalomeyelitis/chronic fatigue syndrome
neutral lipids (NL)	Metabolite	Unknown:Unknown	Myalgic encephalomyelitis/chronic fatigue syndrome (ME/CFS)	Disease	MONDO:0005404			MONDO:0005404	myalgic encephalomeyelitis/chronic fatigue syndrome
hexosylceramides (HexCer)	Metabolite	Unknown:Unknown	Myalgic encephalomyelitis/chronic fatigue syndrome (ME/CFS)	Disease	MONDO:0005404			MONDO:0005404	myalgic encephalomeyelitis/chronic fatigue syndrome
oxylipins	Metabolite	Unknown:Unknown	Myalgic encephalomyelitis/chronic fatigue syndrome (ME/CFS)	Disease	MONDO:0005404			MONDO:0005404	myalgic encephalomeyelitis/chronic fatigue syndrome
chronic pain	Symptom	SYMP:0000837	ME/CFS	Disease	MONDO:0005404	SYMP:0000837	chronic pain	MONDO:0005404	myalgic encephalomeyelitis/chronic fatigue syndrome
corticotropin-releasing factor receptor type 2 (CRFR2)	Protein	Unknown:Unknown	Myalgic encephalomyelitis/chronic fatigue syndrome (ME/CFS)	Disease	MONDO:0005404			MONDO:0005404	myalgic encephalomeyelitis/chronic fatigue syndrome
Fatigue	Symptom	SYMP:0019177	myalgic encephalomyelitis/chronic fatigue syndrome (ME/CFS)	Disease	MONDO:0005404	SYMP:0019177	fatigue	MONDO:0005404	myalgic encephalomeyelitis/chronic fatigue syndrome
Nonsteroidal anti-inflammatory drugs	Compound	Unknown:Unknown	myalgic encephalomyelitis/chronic fatigue syndrome (ME/CFS)	Disease	MONDO:0005404			MONDO:0005404	myalgic encephalomeyelitis/chronic fatigue syndrome
myalgia	Symptom	MESH:D063806	myalgic encephalomyelitis/chronic fatigue syndrome (ME/CFS)	Disease	MONDO:0005404	MESH:D063806	Myalgia	MONDO:0005404	myalgic encephalomeyelitis/chronic fatigue syndrome
arthralgia	Symptom	SYMP:0000064	myalgic encephalomyelitis/chronic fatigue syndrome (ME/CFS)	Disease	MONDO:0005404	SYMP:0000064	joint pain	MONDO:0005404	myalgic encephalomeyelitis/chronic fatigue syndrome
sleep disturbances	Symptom	SYMP:0000566	myalgic encephalomyelitis/chronic fatigue syndrome (ME/CFS)	Disease	MONDO:0005404	SYMP:0000566	sleep disturbance	MONDO:0005404	myalgic encephalomeyelitis/chronic fatigue syndrome
weakness	Symptom	SYMP:0000177	long COVID	Disease	MONDO:0100233	SYMP:0000177	weakness	MONDO:0100233	long COVID-19
malaise	Symptom	SYMP:0019176	long COVID	Disease	MONDO:0100233	SYMP:0019176	malaise	MONDO:0100233	long COVID-19
fatigue	Symptom	SYMP:0019177	long COVID	Disease	MONDO:0100233	SYMP:0019177	fatigue	MONDO:0100233	long COVID-19
concentration impairment	Symptom	Unknown:Unknown	long COVID	Disease	MONDO:0100233			MONDO:0100233	long COVID-19
breathlessness	Symptom	SYMP:0019153	long COVID	Disease	MONDO:0100233	SYMP:0019153	dyspnea	MONDO:0100233	long COVID-19
SARS-CoV-2	Microbe	Unknown:Unknown	CFS	Disease	MONDO:0005404			MONDO:0005404	myalgic encephalomeyelitis/chronic fatigue syndrome
non-coding RNA (ncRNA)	Gene	ENTREZ:552853	CFS	Disease	MONDO:0005404	ENTREZ:552853	NCRNA00250	MONDO:0005404	myalgic encephalomeyelitis/chronic fatigue syndrome
chronic fatigue	Symptom	SYMP:0019177	Myalgic encephalomyelitis/chronic fatigue syndrome (ME/CFS)	Disease	MONDO:0005404	SYMP:0019177	fatigue	MONDO:0005404	myalgic encephalomeyelitis/chronic fatigue syndrome
post-exertional malaise	Symptom	SYMP:0019176	Myalgic encephalomyelitis/chronic fatigue syndrome (ME/CFS)	Disease	MONDO:0005404	SYMP:0019176	malaise	MONDO:0005404	myalgic encephalomeyelitis/chronic fatigue syndrome
EBV	Microbe	Unknown:Unknown	SARS-CoV-2	Microbe	Unknown:Unknown				
HERV-K	Microbe	Unknown:Unknown	SARS-CoV-2	Microbe	Unknown:Unknown				
brain fog	Symptom	Unknown:Unknown	Myalgic encephalomyelitis/chronic fatigue syndrome (ME/CFS)	Disease	MONDO:0005404			MONDO:0005404	myalgic encephalomeyelitis/chronic fatigue syndrome
ME/CFS	Disease	MONDO:0005404	long COVID	Disease	MONDO:0100233	MONDO:0005404	myalgic encephalomeyelitis/chronic fatigue syndrome	MONDO:0100233	long COVID-19
cognitive impairment	Symptom	Unknown:Unknown	myalgic encephalomyelitis/chronic fatigue syndrome (ME/CFS)	Disease	MONDO:0005404			MONDO:0005404	myalgic encephalomeyelitis/chronic fatigue syndrome
post-exertional malaise	Symptom	SYMP:0019176	myalgic encephalomyelitis/chronic fatigue syndrome (ME/CFS)	Disease	MONDO:0005404	SYMP:0019176	malaise	MONDO:0005404	myalgic encephalomeyelitis/chronic fatigue syndrome
neurosensory disturbance	Symptom	SYMP:0000336	myalgic encephalomyelitis/chronic fatigue syndrome (ME/CFS)	Disease	MONDO:0005404	SYMP:0000336	neurological dysfunction	MONDO:0005404	myalgic encephalomeyelitis/chronic fatigue syndrome
ME/CFS	Disease	MONDO:0005404	COVID-19	Disease	MONDO:0100096	MONDO:0005404	myalgic encephalomeyelitis/chronic fatigue syndrome	MONDO:0100096	COVID-19
γδ2T cells	BiologicalProcess	Unknown:Unknown	CFS/ME	Disease	MONDO:0005404			MONDO:0005404	myalgic encephalomeyelitis/chronic fatigue syndrome
CD56(bright)CD16(dim) NKG2D	BiologicalProcess	Unknown:Unknown	CFS/ME	Disease	MONDO:0005404			MONDO:0005404	myalgic encephalomeyelitis/chronic fatigue syndrome
non-severe COVID-19 multi-organ sequelae (NSC-MOS)	Disease	Unknown:Unknown	long-COVID	Disease	MONDO:0100233			MONDO:0100233	long COVID-19
pulmonary fibrosis sequelae (PFS)	Disease	MONDO:0002771	long-COVID	Disease	MONDO:0100233	MONDO:0002771	pulmonary fibrosis	MONDO:0100233	long COVID-19
myalgic encephalomyelitis or chronic fatigue syndrome (ME/CFS)	Disease	MONDO:0005404	long-COVID	Disease	MONDO:0100233	MONDO:0005404	myalgic encephalomeyelitis/chronic fatigue syndrome	MONDO:0100233	long COVID-19
postural orthostatic tachycardia syndrome (POTS)	Disease	MONDO:0011479	long-COVID	Disease	MONDO:0100233	MONDO:0011479	postural orthostatic tachycardia syndrome	MONDO:0100233	long COVID-19
post-intensive care syndrome (PICS)	Disease	MESH:C000711429	long-COVID	Disease	MONDO:0100233	MESH:C000711429	COVID-19 post-intensive care syndrome	MONDO:0100233	long COVID-19
medical or clinical sequelae (MCS)	Disease	Unknown:Unknown	long-COVID	Disease	MONDO:0100233			MONDO:0100233	long COVID-19
fatigue	Symptom	SYMP:0019177	long-COVID	Disease	MONDO:0100233	SYMP:0019177	fatigue	MONDO:0100233	long COVID-19
dyspnoea	Symptom	SYMP:0019153	long-COVID	Disease	MONDO:0100233	SYMP:0019153	dyspnea	MONDO:0100233	long COVID-19
cognitive impairments	Symptom	Unknown:Unknown	long-COVID	Disease	MONDO:0100233			MONDO:0100233	long COVID-19
myalgic encephalomyelitis/chronic fatigue syndrome (ME/CFS)	Disease	MONDO:0005404	heat stroke	Disease	MESH:D018883	MONDO:0005404	myalgic encephalomeyelitis/chronic fatigue syndrome	MESH:D018883	Heat Stroke
medial prefrontal cortex	Anatomy	Unknown:Unknown	Myalgic encephalomyelitis/chronic fatigue syndrome (ME/CFS)	Disease	MONDO:0005404			MONDO:0005404	myalgic encephalomeyelitis/chronic fatigue syndrome
cerebral blood flow	BiologicalProcess	GO:0120275	Myalgic encephalomyelitis/chronic fatigue syndrome (ME/CFS)	Disease	MONDO:0005404	GO:0120275	cerebral blood circulation	MONDO:0005404	myalgic encephalomeyelitis/chronic fatigue syndrome
dizziness	Symptom	SYMP:0000610	long COVID	Disease	MONDO:0100233	SYMP:0000610	dizziness	MONDO:0100233	long COVID-19
water-soluble B vitamins	Compound	MESH:D014803	folate-mediated one-carbon metabolism (FOCM)	Pathway	Unknown:Unknown	MESH:D014803	Vitamin B Complex		
oxidative-redox stress	BiologicalProcess	GO:0006979	homocysteine	Metabolite	HMDB:HMDB0000742	GO:0006979	response to oxidative stress	HMDB:HMDB0000742	HOMOCYSTEINE
hyperhomocysteinemia	Disease	MONDO:0004743	Long COVID	Disease	MONDO:0100233	MONDO:0004743	hyperhomocysteinemia	MONDO:0100233	long COVID-19
long-haul COVID-19	Disease	MONDO:0100233	cerebral blood flow	BiologicalProcess	GO:0120275	MONDO:0100233	long COVID-19	GO:0120275	cerebral blood circulation
ME/CFS	Disease	MONDO:0005404	Cerebral blood flow	BiologicalProcess	GO:0120275	MONDO:0005404	myalgic encephalomeyelitis/chronic fatigue syndrome	GO:0120275	cerebral blood circulation
SARS-CoV-2	Microbe	Unknown:Unknown	ME/CFS	Disease	MONDO:0005404			MONDO:0005404	myalgic encephalomeyelitis/chronic fatigue syndrome
plasmalogens	Metabolite	Unknown:Unknown	myalgic encephalomyelitis/chronic fatigue syndrome	Disease	MONDO:0005404			MONDO:0005404	myalgic encephalomeyelitis/chronic fatigue syndrome
peroxisome dysfunction	BiologicalProcess	Unknown:Unknown	plasmalogens	Metabolite	Unknown:Unknown				
cerebral blood flow (CBF)	BiologicalProcess	GO:0120275	myalgic encephalomyelitis/chronic fatigue syndrome (ME/CFS)	Disease	MONDO:0005404	GO:0120275	cerebral blood circulation	MONDO:0005404	myalgic encephalomeyelitis/chronic fatigue syndrome
cerebral blood flow	BiologicalProcess	GO:0120275	post-acute sequelae COVID	Disease	MONDO:0100233	GO:0120275	cerebral blood circulation	MONDO:0100233	long COVID-19
cardiac output	BiologicalProcess	Unknown:Unknown	myalgic encephalomyelitis/chronic fatigue syndrome (ME/CFS)	Disease	MONDO:0005404			MONDO:0005404	myalgic encephalomeyelitis/chronic fatigue syndrome
nitric oxide (NO)	Compound	DrugBank:DB00435	human umbilical vein endothelial cells (HUVECs)	BiologicalProcess	Unknown:Unknown	DrugBank:DB00435	NITRIC OXIDE		
human umbilical vein endothelial cells (HUVECs)	BiologicalProcess	Unknown:Unknown	Myalgic encephalomyelitis/chronic fatigue syndrome (ME/CFS)	Disease	MONDO:0005404			MONDO:0005404	myalgic encephalomeyelitis/chronic fatigue syndrome
nitric oxide (NO)	Compound	DrugBank:DB00435	Myalgic encephalomyelitis/chronic fatigue syndrome (ME/CFS)	Disease	MONDO:0005404	DrugBank:DB00435	NITRIC OXIDE	MONDO:0005404	myalgic encephalomeyelitis/chronic fatigue syndrome
nitric oxide synthase (eNOS)	CellularComponent	Unknown:Unknown	Myalgic encephalomyelitis/chronic fatigue syndrome (ME/CFS)	Disease	MONDO:0005404			MONDO:0005404	myalgic encephalomeyelitis/chronic fatigue syndrome
IgM and IgG3	Gene	Unknown:Unknown	long COVID	Disease	MONDO:0100233			MONDO:0100233	long COVID-19
asthma bronchiale	Disease	MONDO:0004979	long COVID	Disease	MONDO:0100233	MONDO:0004979	asthma	MONDO:0100233	long COVID-19
fatigue	Symptom	SYMP:0019177	PACS	Disease	MONDO:0100233	SYMP:0019177	fatigue	MONDO:0100233	long COVID-19
CD56(dim)CD16(-) KIR2DL2/DL3	BiologicalProcess	Unknown:Unknown	CFS/ME	Disease	MONDO:0005404			MONDO:0005404	myalgic encephalomeyelitis/chronic fatigue syndrome
CD94(-)CD11a(-) γδ1T cells	BiologicalProcess	Unknown:Unknown	CFS/ME	Disease	MONDO:0005404			MONDO:0005404	myalgic encephalomeyelitis/chronic fatigue syndrome
CD62L(+)CD11a(-) γδ1T cells	BiologicalProcess	Unknown:Unknown	CFS/ME	Disease	MONDO:0005404			MONDO:0005404	myalgic encephalomeyelitis/chronic fatigue syndrome
poor memory	Symptom	SYMP:0000719	PACS	Disease	MONDO:0100233	SYMP:0000719	memory impairment	MONDO:0100233	long COVID-19
hair loss	Symptom	SYMP:0000440	PACS	Disease	MONDO:0100233	SYMP:0000440	hair loss	MONDO:0100233	long COVID-19
Ruminococcus gnavus	Microbe	Unknown:Unknown	PACS	Disease	MONDO:0100233			MONDO:0100233	long COVID-19
Bacteroides vulgatus	Microbe	Unknown:Unknown	PACS	Disease	MONDO:0100233			MONDO:0100233	long COVID-19
Clostridium innocuum	Microbe	Unknown:Unknown	fatigue	Symptom	SYMP:0019177			SYMP:0019177	fatigue
Bifidobacterium pseudocatenulatum	Microbe	Unknown:Unknown	PACS	Disease	MONDO:0100233			MONDO:0100233	long COVID-19
hypertension	Disease	MONDO:0005044	Pulmonary	Anatomy	MESH:D008168	MONDO:0005044	hypertensive disorder	MESH:D008168	Lung
fatigue	Symptom	SYMP:0019177	long-haul COVID	Disease	MONDO:0100233	SYMP:0019177	fatigue	MONDO:0100233	long COVID-19
dyspnea	Symptom	SYMP:0019153	long-haul COVID	Disease	MONDO:0100233	SYMP:0019153	dyspnea	MONDO:0100233	long COVID-19
Naltrexone hydrochloride (NTX)	Compound	DrugBank:DB00704	Myalgic encephalomyelitis/chronic fatigue syndrome (ME/CFS)	Disease	MONDO:0005404	DrugBank:DB00704	NALTREXONE	MONDO:0005404	myalgic encephalomeyelitis/chronic fatigue syndrome
natural killer (NK) cell cytotoxic function	BiologicalProcess	GO:0042267	calcium (Ca2+) influx	BiologicalProcess	GO:0070509	GO:0042267	natural killer cell mediated cytotoxicity	GO:0070509	calcium ion import
TRPM3-dependent Ca2+ influx	BiologicalProcess	Unknown:Unknown	ME/CFS	Disease	MONDO:0005404			MONDO:0005404	myalgic encephalomeyelitis/chronic fatigue syndrome
Naltrexone hydrochloride (NTX)	Compound	DrugBank:DB00704	TRPM3-dependent Ca2+ influx	BiologicalProcess	Unknown:Unknown	DrugBank:DB00704	NALTREXONE		
Ca2+ influx	BiologicalProcess	GO:0070509	transient receptor potential melastatin 3 (TRPM3)	Protein	Unknown:Unknown	GO:0070509	calcium ion import		
transient receptor potential melastatin 3 (TRPM3)	Protein	Unknown:Unknown	ME/CFS	Disease	MONDO:0005404			MONDO:0005404	myalgic encephalomeyelitis/chronic fatigue syndrome
etanercept	Compound	DrugBank:DB00005	TNF	Gene	Unknown:Unknown	DrugBank:DB00005	Etanercept		
activation of microglia	BiologicalProcess	GO:0001774	TNF	Protein	Unknown:Unknown	GO:0001774	microglial cell activation		
activation of microglia	BiologicalProcess	GO:0001774	long COVID-19	Disease	MONDO:0100233	GO:0001774	microglial cell activation	MONDO:0100233	long COVID-19
capillaries	Anatomy	MESH:D002196	fibrin amyloid microclots (fibrinaloids)	BiologicalProcess	Unknown:Unknown	MESH:D002196	Capillaries		
O2 exchange	BiologicalProcess	GO:0072592	fibrin amyloid microclots (fibrinaloids)	BiologicalProcess	Unknown:Unknown	GO:0072592	oxygen metabolic process		
fibrin amyloid microclots (fibrinaloids)	BiologicalProcess	Unknown:Unknown	Long COVID	Disease	MONDO:0100233			MONDO:0100233	long COVID-19
O2 exchange	BiologicalProcess	GO:0072592	Long COVID	Disease	MONDO:0100233	GO:0072592	oxygen metabolic process	MONDO:0100233	long COVID-19
Aflatoxin (AF)	Compound	Unknown:Unknown	Myalgic encephalomyelitis/chronic fatigue syndrome (ME/CFS)	Disease	MONDO:0005404			MONDO:0005404	myalgic encephalomeyelitis/chronic fatigue syndrome
anti-M4 AchR	Protein	Unknown:Unknown	ME/CFS	Disease	MONDO:0005404			MONDO:0005404	myalgic encephalomeyelitis/chronic fatigue syndrome
platelet aggregation	BiologicalProcess	GO:0070527	ME/CFS	Disease	MONDO:0005404	GO:0070527	platelet aggregation	MONDO:0005404	myalgic encephalomeyelitis/chronic fatigue syndrome
lipid storage	BiologicalProcess	GO:0019915	ME/CFS	Disease	MONDO:0005404	GO:0019915	lipid storage	MONDO:0005404	myalgic encephalomeyelitis/chronic fatigue syndrome
Ochratoxin A (OTA)	Compound	MESH:C025589	Myalgic encephalomyelitis/chronic fatigue syndrome (ME/CFS)	Disease	MONDO:0005404	MESH:C025589	OCHRATOXIN A	MONDO:0005404	myalgic encephalomeyelitis/chronic fatigue syndrome
Epstein-Barr virus viremia	Disease	MONDO:0005111	Post-acute sequelae of COVID-19 (PASC)	Disease	MONDO:0100233	MONDO:0005111	Epstein-Barr virus infection	MONDO:0100233	long COVID-19
long COVID	Disease	MONDO:0100233	myalgic encephalomyelitis/chronic fatigue syndrome (ME/CFS)	Disease	MONDO:0005404	MONDO:0100233	long COVID-19	MONDO:0005404	myalgic encephalomeyelitis/chronic fatigue syndrome
fatigue	Symptom	SYMP:0019177	long COVID	Disease	MONDO:0100233	SYMP:0019177	fatigue	MONDO:0100233	long COVID-19
CD57	Protein	Unknown:Unknown	CD56(dim) CD16(+) NK cells	BiologicalProcess	Unknown:Unknown				
shortness of breath	Symptom	SYMP:0019153	long COVID	Disease	MONDO:0100233	SYMP:0019153	dyspnea	MONDO:0100233	long COVID-19
cognitive dysfunction	Symptom	Unknown:Unknown	long COVID	Disease	MONDO:0100233			MONDO:0100233	long COVID-19
profound fatigue	Symptom	SYMP:0019177	ME/CFS	Disease	MONDO:0005404	SYMP:0019177	fatigue	MONDO:0005404	myalgic encephalomeyelitis/chronic fatigue syndrome
unrefreshing sleep	Symptom	SYMP:0000566	ME/CFS	Disease	MONDO:0005404	SYMP:0000566	sleep disturbance	MONDO:0005404	myalgic encephalomeyelitis/chronic fatigue syndrome
post-exertional malaise	Symptom	SYMP:0019176	ME/CFS	Disease	MONDO:0005404	SYMP:0019176	malaise	MONDO:0005404	myalgic encephalomeyelitis/chronic fatigue syndrome
cognitive dysfunction	Symptom	Unknown:Unknown	ME/CFS	Disease	MONDO:0005404			MONDO:0005404	myalgic encephalomeyelitis/chronic fatigue syndrome
orthostatic intolerance	Symptom	MESH:D054971	ME/CFS	Disease	MONDO:0005404	MESH:D054971	Orthostatic Intolerance	MONDO:0005404	myalgic encephalomeyelitis/chronic fatigue syndrome
pons	Anatomy	MESH:D011149	brain fog	Symptom	Unknown:Unknown	MESH:D011149	Pons		
locus coeruleus	Anatomy	MESH:D008125	brain fog	Symptom	Unknown:Unknown	MESH:D008125	Locus Coeruleus		
Endothelin-1 (ET-1)	Protein	Unknown:Unknown	Post-COVID Syndrome (PCS)	Disease	MONDO:0100233			MONDO:0100233	long COVID-19
Endothelin-1 (ET-1)	Protein	Unknown:Unknown	Myalgic Encephalomyelitis/Chronic Fatigue Syndrome (ME/CFS)	Disease	MONDO:0005404			MONDO:0005404	myalgic encephalomeyelitis/chronic fatigue syndrome
Angiopoietin-2 (Ang-2)	Compound	Unknown:Unknown	Post-COVID Syndrome (PCS)	Disease	MONDO:0100233			MONDO:0100233	long COVID-19
endothelial dysfunction (ED)	Symptom	Unknown:Unknown	Post-COVID Syndrome (PCS)	Disease	MONDO:0100233			MONDO:0100233	long COVID-19
autoimmunity	BiologicalProcess	Unknown:Unknown	post-COVID syndrome (PCS)	Disease	MONDO:0100233			MONDO:0100233	long COVID-19
TPPP	Gene	ENTREZ:11076	Myalgic encephalomyelitis/chronic fatigue syndrome (ME/CFS)	Disease	MONDO:0005404	ENTREZ:11076	TPPP	MONDO:0005404	myalgic encephalomeyelitis/chronic fatigue syndrome
TPPP	Gene	ENTREZ:11076	brain	Anatomy	MESH:D001921	ENTREZ:11076	TPPP	MESH:D001921	Brain
insomnia	Symptom	SYMP:0000571	ME/CFS	Disease	MONDO:0005404	SYMP:0000571	insomnia	MONDO:0005404	myalgic encephalomeyelitis/chronic fatigue syndrome
perforin	Protein	Unknown:Unknown	CD56(dim) CD16(+) NK cells	BiologicalProcess	Unknown:Unknown				
stomach pain	Symptom	MESH:D015746	myalgic encephalomyelitis/chronic fatigue syndrome (ME/CFS)	Disease	MONDO:0005404	MESH:D015746	Abdominal Pain	MONDO:0005404	myalgic encephalomeyelitis/chronic fatigue syndrome
bloating	Symptom	SYMP:0000420	myalgic encephalomyelitis/chronic fatigue syndrome (ME/CFS)	Disease	MONDO:0005404	SYMP:0000420	bloating	MONDO:0005404	myalgic encephalomeyelitis/chronic fatigue syndrome
myalgic encephalomyelitis/chronic fatigue syndrome (ME/CFS)	Disease	MONDO:0005404	infectious mononucleosis (IM)	Disease	MONDO:0005810	MONDO:0005404	myalgic encephalomeyelitis/chronic fatigue syndrome	MONDO:0005810	infectious mononucleosis
IL-13	Protein	Unknown:Unknown	myalgic encephalomyelitis/chronic fatigue syndrome (ME/CFS)	Disease	MONDO:0005404			MONDO:0005404	myalgic encephalomeyelitis/chronic fatigue syndrome
IL-5	Protein	Unknown:Unknown	myalgic encephalomyelitis/chronic fatigue syndrome (ME/CFS)	Disease	MONDO:0005404			MONDO:0005404	myalgic encephalomeyelitis/chronic fatigue syndrome
irritable bowel	Symptom	Unknown:Unknown	myalgic encephalomyelitis/chronic fatigue syndrome (ME/CFS)	Disease	MONDO:0005404			MONDO:0005404	myalgic encephalomeyelitis/chronic fatigue syndrome
glutamate metabolism	BiologicalProcess	GO:0006536	Post-exertional malaise (PEM)	Symptom	SYMP:0019176	GO:0006536	glutamate metabolic process	SYMP:0019176	malaise
glutamate metabolism	BiologicalProcess	GO:0006536	brain	Anatomy	MESH:D001921	GO:0006536	glutamate metabolic process	MESH:D001921	Brain
melatonin	Compound	DrugBank:DB01065	long COVID	Disease	MONDO:0100233	DrugBank:DB01065	MELATONIN	MONDO:0100233	long COVID-19
P-SEL	Protein	ENTREZ:6403	Long-COVID	Disease	MONDO:0100233			MONDO:0100233	long COVID-19
ANG-1	Protein	ENTREZ:284	Long-COVID	Disease	MONDO:0100233			MONDO:0100233	long COVID-19
glutamate	Metabolite	HMDB:HMDB0029163	Post-exertional malaise (PEM)	Symptom	SYMP:0019176	HMDB:HMDB0029163	Glutaminyl-Gamma-glutamate	SYMP:0019176	malaise
Post-exertional malaise (PEM)	Symptom	SYMP:0019176	myalgic encephalomyelitis/chronic fatigue syndrome (ME/CFS)	Disease	MONDO:0005404	SYMP:0019176	malaise	MONDO:0005404	myalgic encephalomeyelitis/chronic fatigue syndrome
perforin	Protein	Unknown:Unknown	CFS/ME	Disease	MONDO:0005404			MONDO:0005404	myalgic encephalomeyelitis/chronic fatigue syndrome
CD57	Protein	Unknown:Unknown	CFS/ME	Disease	MONDO:0005404			MONDO:0005404	myalgic encephalomeyelitis/chronic fatigue syndrome
platelet	BiologicalProcess	Unknown:Unknown	dyspnea	Symptom	SYMP:0019153			SYMP:0019153	dyspnea
platelet	BiologicalProcess	Unknown:Unknown	fatigue	Symptom	SYMP:0019177			SYMP:0019177	fatigue
lactate dehydrogenase (LDH)	Protein	Unknown:Unknown	fatigue	Symptom	SYMP:0019177			SYMP:0019177	fatigue
lactate dehydrogenase (LDH)	Protein	Unknown:Unknown	dyspnea	Symptom	SYMP:0019153			SYMP:0019153	dyspnea
fatigue	Symptom	SYMP:0019177	long-term post-COVID	Disease	MONDO:0100233	SYMP:0019177	fatigue	MONDO:0100233	long COVID-19
depression	Symptom	SYMP:0000022	ME/CFS	Disease	MONDO:0005404	SYMP:0000022	depression	MONDO:0005404	myalgic encephalomeyelitis/chronic fatigue syndrome
hemoglobin	Protein	Unknown:Unknown	fatigue	Symptom	SYMP:0019177			SYMP:0019177	fatigue
lymphocyte	BiologicalProcess	Unknown:Unknown	fatigue	Symptom	SYMP:0019177			SYMP:0019177	fatigue
orthostatic intolerance (OI)	Disease	MONDO:0005469	ME/CFS	Disease	MONDO:0005404	MONDO:0005469	orthostatic hypotension	MONDO:0005404	myalgic encephalomeyelitis/chronic fatigue syndrome
depression	Symptom	SYMP:0000022	TGFB	Protein	Unknown:Unknown	SYMP:0000022	depression		
neutrophil	BiologicalProcess	Unknown:Unknown	fatigue	Symptom	SYMP:0019177			SYMP:0019177	fatigue
alanine transaminase	Protein	Unknown:Unknown	dyspnea	Symptom	SYMP:0019153			SYMP:0019153	dyspnea
aspartate transaminase	Protein	Unknown:Unknown	dyspnea	Symptom	SYMP:0019153			SYMP:0019153	dyspnea
loss of taste/smell	Symptom	SYMP:0000551	post COVID-19 disease	Disease	MONDO:0100233	SYMP:0000551	disturbances of sensation of smell and taste	MONDO:0100233	long COVID-19
dyspnoea	Symptom	SYMP:0019153	post COVID-19 disease	Disease	MONDO:0100233	SYMP:0019153	dyspnea	MONDO:0100233	long COVID-19
paraesthesia	Symptom	MESH:D010292	post COVID-19 disease	Disease	MONDO:0100233	MESH:D010292	Paresthesia	MONDO:0100233	long COVID-19
systemic vascular inflammation	Symptom	SYMP:0000153	thrombosis	BiologicalProcess	Unknown:Unknown	SYMP:0000153	vasculitis		
thrombosis	BiologicalProcess	Unknown:Unknown	long COVID	Disease	MONDO:0100233			MONDO:0100233	long COVID-19
chronic hypoxia	Symptom	MESH:D005311	long COVID	Disease	MONDO:0100233	MESH:D005311	Fetal Hypoxia	MONDO:0100233	long COVID-19
tissue factor	Protein	Unknown:Unknown	thrombosis	BiologicalProcess	Unknown:Unknown				
Pulmonary	Anatomy	MESH:D008168	long COVID	Disease	MONDO:0100233	MESH:D008168	Lung	MONDO:0100233	long COVID-19
hypertension	Disease	MONDO:0005044	long COVID	Disease	MONDO:0100233	MONDO:0005044	hypertensive disorder	MONDO:0100233	long COVID-19
phosphatidylserine (PS)	Compound	MESH:D010718	thrombosis	BiologicalProcess	Unknown:Unknown	MESH:D010718	Phosphatidylserines		
Extracellular vesicles (EVs)	BiologicalProcess	GO:0140112	tissue factor	Protein	Unknown:Unknown	GO:0140112	extracellular vesicle biogenesis		
Extracellular vesicles (EVs)	BiologicalProcess	GO:0140112	phosphatidylserine (PS)	Compound	MESH:D010718	GO:0140112	extracellular vesicle biogenesis	MESH:D010718	Phosphatidylserines
TGFB	Protein	Unknown:Unknown	ME/CFS	Disease	MONDO:0005404			MONDO:0005404	myalgic encephalomeyelitis/chronic fatigue syndrome
Eubacterium rectale	Microbe	Unknown:Unknown	butyrate	Compound	Unknown:Unknown				
fibronectin (FN1)	Protein	Unknown:Unknown	long COVID	Disease	MONDO:0100233			MONDO:0100233	long COVID-19
IgM against fibronectin ((n)IgM-FN1)	Protein	Unknown:Unknown	Myalgic Encephalomyelitis/ Chronic Fatigue syndrome (ME/CFS)	Disease	MONDO:0005404			MONDO:0005404	myalgic encephalomeyelitis/chronic fatigue syndrome
IgM against fibronectin ((n)IgM-FN1)	Protein	Unknown:Unknown	long COVID	Disease	MONDO:0100233			MONDO:0100233	long COVID-19
cortisol	Compound	DrugBank:DB00741	ME/CFS	Disease	MONDO:0005404	DrugBank:DB00741	HYDROCORTISONE	MONDO:0005404	myalgic encephalomeyelitis/chronic fatigue syndrome
encoded proteins EBV dUTPase	Protein	Unknown:Unknown	CFS	Disease	MONDO:0005404			MONDO:0005404	myalgic encephalomeyelitis/chronic fatigue syndrome
EBV DNA polymerase	Protein	Unknown:Unknown	CFS	Disease	MONDO:0005404			MONDO:0005404	myalgic encephalomeyelitis/chronic fatigue syndrome
valacyclovir	Compound	DrugBank:DB00577	CFS	Disease	MONDO:0005404	DrugBank:DB00577	VALACYCLOVIR	MONDO:0005404	myalgic encephalomeyelitis/chronic fatigue syndrome
innate immune response	BiologicalProcess	GO:0045087	ME/CFS	Disease	MONDO:0005404	GO:0045087	innate immune response	MONDO:0005404	myalgic encephalomeyelitis/chronic fatigue syndrome
compromised gut epithelium	BiologicalProcess	Unknown:Unknown	ME/CFS	Disease	MONDO:0005404			MONDO:0005404	myalgic encephalomeyelitis/chronic fatigue syndrome
glucose	Metabolite	HMDB:HMDB0000122	immunosuppression	BiologicalProcess	GO:0002683	HMDB:HMDB0000122	D-Glucose	GO:0002683	negative regulation of immune system process
citrate	Metabolite	Unknown:Unknown	immunosuppression	BiologicalProcess	GO:0002683			GO:0002683	negative regulation of immune system process
chronic fatigue syndrome	Disease	MONDO:0005404	Chills	Symptom	SYMP:0019174	MONDO:0005404	myalgic encephalomeyelitis/chronic fatigue syndrome	SYMP:0019174	chills
IL-10	Protein	Unknown:Unknown	immunosuppression	BiologicalProcess	GO:0002683			GO:0002683	negative regulation of immune system process
idiopathic intracranial hypertension (IIH)	Disease	MONDO:0006810	chronic fatigue syndrome	Disease	MONDO:0005404	MONDO:0006810	intracranial hypertension	MONDO:0005404	myalgic encephalomeyelitis/chronic fatigue syndrome
jugular venous obstruction	BiologicalProcess	Unknown:Unknown	idiopathic intracranial hypertension (IIH)	Disease	MONDO:0006810			MONDO:0006810	intracranial hypertension
Natural Killer cells	BiologicalProcess	GO:0002228	fatty acids	Compound	MESH:D005227	GO:0002228	natural killer cell mediated immunity	MESH:D005227	Fatty Acids
CD4+ T cells	BiologicalProcess	Unknown:Unknown	fatty acids	Compound	MESH:D005227			MESH:D005227	Fatty Acids
monokine-induced-by-IFN-γ (MIG; CXCL9)	Protein	Unknown:Unknown	ME/CFS	Disease	MONDO:0005404			MONDO:0005404	myalgic encephalomeyelitis/chronic fatigue syndrome
CD8+ T cells	BiologicalProcess	Unknown:Unknown	fatty acids	Compound	MESH:D005227			MESH:D005227	Fatty Acids
fatigue	Symptom	SYMP:0019177	Faecalibacterium prausnitzii	Microbe	Unknown:Unknown	SYMP:0019177	fatigue		
impairment of autophagy	BiologicalProcess	GO:0010507	ATG13	Protein	Unknown:Unknown	GO:0010507	negative regulation of autophagy		
fatigue	Symptom	SYMP:0019177	ME/CFS	Disease	MONDO:0005404	SYMP:0019177	fatigue	MONDO:0005404	myalgic encephalomeyelitis/chronic fatigue syndrome
Faecalibacterium prausnitzii	Microbe	Unknown:Unknown	butyrate	Compound	Unknown:Unknown				
Eubacterium rectale	Microbe	Unknown:Unknown	ME/CFS	Disease	MONDO:0005404			MONDO:0005404	myalgic encephalomeyelitis/chronic fatigue syndrome
NF-kB	Gene	ENTREZ:4790	plasmalogens (Pls)	Compound	MESH:D010955	ENTREZ:4790	NFKB1	MESH:D010955	Plasmalogens
Neuroinflammation (NF)	Disease	MONDO:0004466	plasmalogens (Pls)	Compound	MESH:D010955	MONDO:0004466	neuronitis	MESH:D010955	Plasmalogens
plasmalogens (Pls)	Compound	MESH:D010955	neuro-inflammation	Disease	MONDO:0004466	MESH:D010955	Plasmalogens	MONDO:0004466	neuronitis
plasmalogens (Pls)	Compound	MESH:D010955	ERK	Gene	ENTREZ:5594	MESH:D010955	Plasmalogens	ENTREZ:5594	MAPK1
circulating interleukin (IL)-16	Gene	ENTREZ:3603	myalgic encephalomyelitis/chronic fatigue syndrome (ME/CFS)	Disease	MONDO:0005404	ENTREZ:3603	IL16	MONDO:0005404	myalgic encephalomeyelitis/chronic fatigue syndrome
HHV6	Microbe	Unknown:Unknown	SARS-CoV-2	Microbe	Unknown:Unknown				
EBV-encoded nuclear antigen-1 (EBNA1) IgG	Protein	Unknown:Unknown	ME/CFS	Disease	MONDO:0005404			MONDO:0005404	myalgic encephalomeyelitis/chronic fatigue syndrome
ME/CFS	Disease	MONDO:0005404	Ischaemia-reperfusion (I-R) injury	Disease	MONDO:0005203	MONDO:0005404	myalgic encephalomeyelitis/chronic fatigue syndrome	MONDO:0005203	ischemia reperfusion injury
Long COVID	Disease	MONDO:0100233	Ischaemia-reperfusion (I-R) injury	Disease	MONDO:0005203	MONDO:0100233	long COVID-19	MONDO:0005203	ischemia reperfusion injury
fibrin amyloid microclot	BiologicalProcess	Unknown:Unknown	capillaries	Anatomy	MESH:D002196			MESH:D002196	Capillaries
Ischaemia	Symptom	SYMP:0000209	fibrin amyloid microclot	BiologicalProcess	Unknown:Unknown	SYMP:0000209	ischemia		
fibrin amyloid microclot	BiologicalProcess	Unknown:Unknown	breathlessness	Symptom	SYMP:0019153			SYMP:0019153	dyspnea
fibrin amyloid microclot	BiologicalProcess	Unknown:Unknown	fatigue	Symptom	SYMP:0019177			SYMP:0019177	fatigue
fibrin amyloid microclot	BiologicalProcess	Unknown:Unknown	post-exertional malaise	Symptom	SYMP:0019176			SYMP:0019176	malaise
reactive oxygen species (ROS)	Compound	MESH:D017382	ME/CFS	Disease	MONDO:0005404	MESH:D017382	Reactive Oxygen Species	MONDO:0005404	myalgic encephalomeyelitis/chronic fatigue syndrome
nitric oxide	Compound	DrugBank:DB00435	ME/CFS	Disease	MONDO:0005404	DrugBank:DB00435	NITRIC OXIDE	MONDO:0005404	myalgic encephalomeyelitis/chronic fatigue syndrome
reactive oxygen species (ROS)	Compound	MESH:D017382	ATG13	Protein	Unknown:Unknown	MESH:D017382	Reactive Oxygen Species		
nitric oxide	Compound	DrugBank:DB00435	ATG13	Protein	Unknown:Unknown	DrugBank:DB00435	NITRIC OXIDE		
ATG13	Protein	Unknown:Unknown	observed stress response in microglial cells	BiologicalProcess	GO:0002282			GO:0002282	microglial cell activation involved in immune response
acute exercise intolerance	Symptom	SYMP:0019176	ME/CFS	Disease	MONDO:0005404	SYMP:0019176	malaise	MONDO:0005404	myalgic encephalomeyelitis/chronic fatigue syndrome
Pyridostigmine	Compound	DrugBank:DB00545	ME/CFS	Disease	MONDO:0005404	DrugBank:DB00545	PYRIDOSTIGMINE	MONDO:0005404	myalgic encephalomeyelitis/chronic fatigue syndrome
neuroglial dysfunction	BiologicalProcess	Unknown:Unknown	ME/CFS	Disease	MONDO:0005404			MONDO:0005404	myalgic encephalomeyelitis/chronic fatigue syndrome
anti-β2AdR	Protein	Unknown:Unknown	ME/CFS	Disease	MONDO:0005404			MONDO:0005404	myalgic encephalomeyelitis/chronic fatigue syndrome
post exertional malaise	Symptom	SYMP:0019176	post-acute sequelae COVID	Disease	MONDO:0100233	SYMP:0019176	malaise	MONDO:0100233	long COVID-19
kynurenine pathway (KP)	Pathway	GO:0070189	nicotinamide adenine dinucleotide (NAD+)	Metabolite	HMDB:HMDB0002012			HMDB:HMDB0002012	COENZYME Q1
kynurenine pathway (KP)	Pathway	GO:0070189	ME/CFS	Disease	MONDO:0005404			MONDO:0005404	myalgic encephalomeyelitis/chronic fatigue syndrome
nicotinamide adenine dinucleotide (NAD+)	Metabolite	HMDB:HMDB0002012	Myalgic encephalomyelitis/chronic fatigue syndrome (ME/CFS)	Disease	MONDO:0005404	HMDB:HMDB0002012	COENZYME Q1	MONDO:0005404	myalgic encephalomeyelitis/chronic fatigue syndrome
fractalkine (CX3CL1)	Protein	Unknown:Unknown	ME/CFS	Disease	MONDO:0005404			MONDO:0005404	myalgic encephalomeyelitis/chronic fatigue syndrome
eotaxin 2 (CCL24)	Protein	Unknown:Unknown	ME/CFS	Disease	MONDO:0005404			MONDO:0005404	myalgic encephalomeyelitis/chronic fatigue syndrome
sRAGE	Protein	Unknown:Unknown	TNF-α	Protein	Unknown:Unknown				
post-COVID-19	Disease	MONDO:0100233	TNF-α	Protein	Unknown:Unknown	MONDO:0100233	long COVID-19		
TNF-α	Protein	Unknown:Unknown	post-COVID-19	Disease	MONDO:0100233			MONDO:0100233	long COVID-19
ME/CFS	Disease	MONDO:0005404	plasmalogen	CellularComponent	Unknown:Unknown	MONDO:0005404	myalgic encephalomeyelitis/chronic fatigue syndrome		
post-COVID-19	Disease	MONDO:0100233	plasmalogen	CellularComponent	Unknown:Unknown	MONDO:0100233	long COVID-19		
fluvoxamine	Compound	DrugBank:DB00176	long COVID	Disease	MONDO:0100233	DrugBank:DB00176	FLUVOXAMINE	MONDO:0100233	long COVID-19
EBV	Microbe	Unknown:Unknown	long COVID	Disease	MONDO:0100233			MONDO:0100233	long COVID-19
Long-Covid	Disease	MONDO:0100233	neurotransmitter autoantibodies	Protein	Unknown:Unknown	MONDO:0100233	long COVID-19		
HLA-DQB1	Gene	ENTREZ:3119	ME/CFS	Disease	MONDO:0005404	ENTREZ:3119	HLA-DQB1	MONDO:0005404	myalgic encephalomeyelitis/chronic fatigue syndrome
Long-Covid	Disease	MONDO:0100233	lipids	Metabolite	MESH:D008055	MONDO:0100233	long COVID-19		
fibrinogen	Protein	Unknown:Unknown	Long-Covid	Disease	MONDO:0100233			MONDO:0100233	long COVID-19
kynurenine pathway	Pathway	GO:0070189	nicotinamide adenine dinucleotide (NADH)	Metabolite	HMDB:HMDB0001487			HMDB:HMDB0001487	NADH
kynurenine pathway	Pathway	GO:0070189	immune response	BiologicalProcess	GO:0006955			GO:0006955	immune response
kynurenine pathway	Pathway	GO:0070189	neuroinflammation	Symptom	MESH:D020078			MESH:D020078	Neurogenic Inflammation
kynurenine pathway	Pathway	GO:0070189	ME/CFS	Disease	MONDO:0005404			MONDO:0005404	myalgic encephalomeyelitis/chronic fatigue syndrome
neuroinflammation	Symptom	MESH:D020078	chronic fatigue syndrome, or myalgic encephalomyelitis (CFS/ME)	Disease	MONDO:0005404	MESH:D020078	Neurogenic Inflammation	MONDO:0005404	myalgic encephalomeyelitis/chronic fatigue syndrome
apoptotic and necrotic cell death in T cells	BiologicalProcess	GO:0006924	ME/CFS	Disease	MONDO:0005404	GO:0006924	activation-induced cell death of T cells	MONDO:0005404	myalgic encephalomeyelitis/chronic fatigue syndrome
plasmalogens	Metabolite	MESH:D010955	ME/CFS	Disease	MONDO:0005404			MONDO:0005404	myalgic encephalomeyelitis/chronic fatigue syndrome
phospholipid ethers	Metabolite	MESH:D010742	ME/CFS	Disease	MONDO:0005404			MONDO:0005404	myalgic encephalomeyelitis/chronic fatigue syndrome
phosphatidylcholines	Metabolite	MESH:D010713	ME/CFS	Disease	MONDO:0005404			MONDO:0005404	myalgic encephalomeyelitis/chronic fatigue syndrome
sphingomyelins	Metabolite	MESH:D013109	ME/CFS	Disease	MONDO:0005404			MONDO:0005404	myalgic encephalomeyelitis/chronic fatigue syndrome
dicarboxylic acids	Metabolite	MESH:D003998	ME/CFS	Disease	MONDO:0005404			MONDO:0005404	myalgic encephalomeyelitis/chronic fatigue syndrome
fatigue	Symptom	SYMP:0019177	Post-COVID syndrome (PCS)	Disease	MONDO:0100233	SYMP:0019177	fatigue	MONDO:0100233	long COVID-19
sleep disturbance	Symptom	SYMP:0000566	Post-COVID syndrome (PCS)	Disease	MONDO:0100233	SYMP:0000566	sleep disturbance	MONDO:0100233	long COVID-19
HLA-C	Gene	ENTREZ:3107	ME/CFS	Disease	MONDO:0005404	ENTREZ:3107	HLA-C	MONDO:0005404	myalgic encephalomeyelitis/chronic fatigue syndrome
anhydrous enol oxaloacetate	Compound	Unknown:Unknown	ME/CFS	Disease	MONDO:0005404			MONDO:0005404	myalgic encephalomeyelitis/chronic fatigue syndrome
anhydrous enol oxaloacetate	Compound	Unknown:Unknown	physical and metal fatigue	Symptom	SYMP:0019177			SYMP:0019177	fatigue
anhydrous enol oxaloacetate	Compound	Unknown:Unknown	Long COVID	Disease	MONDO:0100233			MONDO:0100233	long COVID-19
Interleukin 6	Protein	ENTREZ:3570	long COVID	Disease	MONDO:0100233			MONDO:0100233	long COVID-19
C-reactive protein	Protein	ENTREZ:1401	long COVID	Disease	MONDO:0100233			MONDO:0100233	long COVID-19
tumor necrosis factor alpha	Protein	ENTREZ:7124	long COVID	Disease	MONDO:0100233			MONDO:0100233	long COVID-19
neurofilament light chain	Compound	ENTREZ:4747	long COVID	Disease	MONDO:0100233			MONDO:0100233	long COVID-19
glial fibrillary acidic protein	Protein	ENTREZ:2670	long COVID	Disease	MONDO:0100233			MONDO:0100233	long COVID-19
transforming growth factor beta	Protein	ENTREZ:7040	long COVID	Disease	MONDO:0100233			MONDO:0100233	long COVID-19
melatonin	Compound	DrugBank:DB01065	ME/CFS	Disease	MONDO:0005404	DrugBank:DB01065	MELATONIN	MONDO:0005404	myalgic encephalomeyelitis/chronic fatigue syndrome
cortisol	Compound	DrugBank:DB00741	Long COVID	Disease	MONDO:0100233	DrugBank:DB00741	HYDROCORTISONE	MONDO:0100233	long COVID-19
microvascular endotheliopathy	Disease	MONDO:0044875	long COVID	Disease	MONDO:0100233	MONDO:0044875	coronary microvascular disorder	MONDO:0100233	long COVID-19
growth hormone (GH)	Compound	MESH:D013006	COVID-19	Disease	MONDO:0100233	MESH:D013006	Growth Hormone	MONDO:0100233	long COVID-19
adrenocorticotropic hormone (ACTH)	Compound	MESH:C006418	COVID-19	Disease	MONDO:0100233	MESH:C006418	adrenocorticotropin zinc	MONDO:0100233	long COVID-19
Tryptophan catabolism	Pathway	REACT:R-HSA-71240	chronic fatigue syndrome	Disease	MONDO:0005404	REACT:R-HSA-71240	Tryptophan catabolism	MONDO:0005404	myalgic encephalomeyelitis/chronic fatigue syndrome
chronic fatigue syndrome	Disease	MONDO:0005404	Fatigue	Symptom	SYMP:0019177	MONDO:0005404	myalgic encephalomeyelitis/chronic fatigue syndrome	SYMP:0019177	fatigue
chronic fatigue syndrome	Disease	MONDO:0005404	Headache	Symptom	SYMP:0000504	MONDO:0005404	myalgic encephalomeyelitis/chronic fatigue syndrome	SYMP:0000504	headache
chronic fatigue syndrome	Disease	MONDO:0005404	Sleep Disorders	Symptom	SYMP:0000566	MONDO:0005404	myalgic encephalomeyelitis/chronic fatigue syndrome	SYMP:0000566	sleep disturbance
chronic fatigue syndrome	Disease	MONDO:0005404	Tinnitus	Symptom	SYMP:0000393	MONDO:0005404	myalgic encephalomeyelitis/chronic fatigue syndrome	SYMP:0000393	tinnitus
chronic fatigue syndrome	Disease	MONDO:0005404	Orthostatic Intolerance	Symptom	MESH:D054971	MONDO:0005404	myalgic encephalomeyelitis/chronic fatigue syndrome	MESH:D054971	Orthostatic Intolerance
CXCL8	Gene	ENTREZ:3576	Calcium	Compound	DrugBank:DB01373	ENTREZ:3576	CXCL8	DrugBank:DB01373	CALCIUM
chronic fatigue syndrome	Disease	MONDO:0005404	GPC5	Gene	ENTREZ:2262	MONDO:0005404	myalgic encephalomeyelitis/chronic fatigue syndrome	ENTREZ:2262	GPC5
chronic fatigue syndrome	Disease	MONDO:0005404	PHACTR2	Gene	ENTREZ:9749	MONDO:0005404	myalgic encephalomeyelitis/chronic fatigue syndrome	ENTREZ:9749	PHACTR2
chronic fatigue syndrome	Disease	MONDO:0005404	AKAP1	Gene	ENTREZ:8165	MONDO:0005404	myalgic encephalomeyelitis/chronic fatigue syndrome	ENTREZ:8165	AKAP1
chronic fatigue syndrome	Disease	MONDO:0005404	USP6NL	Gene	ENTREZ:9712	MONDO:0005404	myalgic encephalomeyelitis/chronic fatigue syndrome	ENTREZ:9712	USP6NL
long COVID	Disease	MONDO:0100233	cerebellar cortex	Anatomy	UBERON:0002129	MONDO:0100233	long COVID-19	UBERON:0002129	cerebellar cortex
long COVID	Disease	MONDO:0100233	locus ceruleus	Anatomy	UBERON:0002148	MONDO:0100233	long COVID-19	UBERON:0002148	locus ceruleus
SERPINE1	Gene	ENTREZ:5054	Palmitic Acid	Compound	DrugBank:DB03796	ENTREZ:5054	SERPINE1	DrugBank:DB03796	PALMITIC ACID
long COVID	Disease	MONDO:0100233	trigeminal nerve	Anatomy	UBERON:0001645	MONDO:0100233	long COVID-19	UBERON:0001645	trigeminal nerve
long COVID	Disease	MONDO:0100233	TLR7	Gene	ENTREZ:51284	MONDO:0100233	long COVID-19	ENTREZ:51284	TLR7
SARS Virus	Disease	MONDO:0005091	long COVID	Disease	MONDO:0100233	MONDO:0005091	severe acute respiratory syndrome	MONDO:0100233	long COVID-19
long COVID	Disease	MONDO:0100233	Indomethacin	Compound	DrugBank:DB00328	MONDO:0100233	long COVID-19	DrugBank:DB00328	INDOMETHACIN
long COVID	Disease	MONDO:0100233	Recombinant Human Angiotensin-Converting Enzyme 2	Compound	DrugBank:DB15736	MONDO:0100233	long COVID-19	DrugBank:DB15736	Recombinant Human Angiotensin-Converting Enzyme 2
long COVID	Disease	MONDO:0100233	palpitation	Symptom	SYMP:0000530	MONDO:0100233	long COVID-19	SYMP:0000530	palpitation
long COVID	Disease	MONDO:0100233	Etanercept	Compound	DrugBank:DB00005	MONDO:0100233	long COVID-19	DrugBank:DB00005	Etanercept
long COVID	Disease	MONDO:0100233	Hypoxia	Disease	MESH:D000860	MONDO:0100233	long COVID-19	MESH:D000860	immune system disorder
aconitate hydratase (ACON)	Gene	Unknown:Unknown	Chronic fatigue syndrome (CFS)	Disease	MONDO:0005404			MONDO:0005404	myalgic encephalomeyelitis/chronic fatigue syndrome
tricarboxylic acid (TCA)	Pathway	KEGG:hsa00020	CFS	Disease	MONDO:0005404	KEGG:hsa00020	Citrate cycle (TCA cycle)	MONDO:0005404	myalgic encephalomeyelitis/chronic fatigue syndrome
urea cycles	Pathway	KEGG:hsa_M00029	CFS	Disease	MONDO:0005404	KEGG:hsa_M00029	Urea cycle	MONDO:0005404	myalgic encephalomeyelitis/chronic fatigue syndrome
ornithine/citrulline	Metabolite	HMDB:HMDB0000214	CFS	Disease	MONDO:0005404	HMDB:HMDB0000214	ORNITHINE	MONDO:0005404	myalgic encephalomeyelitis/chronic fatigue syndrome
pyruvate/isocitrate	Metabolite	HMDB:HMDB0011111	CFS	Disease	MONDO:0005404	HMDB:HMDB0011111	3-OXOPROPANOIC ACID	MONDO:0005404	myalgic encephalomeyelitis/chronic fatigue syndrome
ornithine	Metabolite	HMDB:HMDB0000214	CFS	Disease	MONDO:0005404	HMDB:HMDB0000214	ORNITHINE	MONDO:0005404	myalgic encephalomeyelitis/chronic fatigue syndrome
bioactive 2-5A synthetase	Gene	ENTREZ:4938	CFS	Disease	MONDO:0005404	ENTREZ:4938	OAS1	MONDO:0005404	myalgic encephalomeyelitis/chronic fatigue syndrome
pyruvate	Metabolite	HMDB:HMDB0011111	CFS	Disease	MONDO:0005404	HMDB:HMDB0011111	3-OXOPROPANOIC ACID	MONDO:0005404	myalgic encephalomeyelitis/chronic fatigue syndrome
long COVID	Disease	MONDO:0100233	Epiglottitis	Disease	MONDO:0005753	MONDO:0100233	long COVID-19	MONDO:0005753	epiglottitis
long COVID	Disease	MONDO:0100233	Asthma	Disease	MONDO:0004979	MONDO:0100233	long COVID-19	MONDO:0004979	asthma
Postural Orthostatic Tachycardia Syndrome	Disease	MONDO:0011479	Ivabradine	Compound	DrugBank:DB09083	MONDO:0011479	postural orthostatic tachycardia syndrome	DrugBank:DB09083	IVABRADINE
Oxaloacetate Ion	Compound	DrugBank:DB02637	AMPK Signaling	Pathway	WikiPathways:WP1403	DrugBank:DB02637	Oxaloacetate Ion	WikiPathways:WP1403	AMPK Signaling
long COVID	Disease	MONDO:0100233	Inhibitor of P38 Kinase	Compound	DrugBank:DB01953	MONDO:0100233	long COVID-19	DrugBank:DB01953	Inhibitor of P38 Kinase
long COVID	Disease	MONDO:0100233	Melatonin	Compound	DrugBank:DB01065	MONDO:0100233	long COVID-19	DrugBank:DB01065	MELATONIN
chronic fatigue syndrome	Disease	MONDO:0005404	SLC6A11	Gene	ENTREZ:6538	MONDO:0005404	myalgic encephalomeyelitis/chronic fatigue syndrome	ENTREZ:6538	SLC6A11
chronic fatigue syndrome	Disease	MONDO:0005404	palpitation	Symptom	SYMP:0000530	MONDO:0005404	myalgic encephalomeyelitis/chronic fatigue syndrome	SYMP:0000530	palpitation
Pulmonary Fibrosis	Disease	MONDO:0002771	Tetrandrine	Compound	DrugBank:DB14066	MONDO:0002771	pulmonary fibrosis	DrugBank:DB14066	TETRANDRINE
Pulmonary Fibrosis	Disease	MONDO:0002771	Pirfenidone	Compound	DrugBank:DB04951	MONDO:0002771	pulmonary fibrosis	DrugBank:DB04951	PIRFENIDONE
long COVID	Disease	MONDO:0100233	Luteolin	Compound	DrugBank:DB15584	MONDO:0100233	long COVID-19	DrugBank:DB15584	LUTEOLIN
CXCL8	Gene	ENTREZ:3576	Dexamethasone	Compound	DrugBank:DB01234	ENTREZ:3576	CXCL8	DrugBank:DB01234	DEXAMETHASONE
IFN-γ	Protein	Unknown:Unknown	ME/CFS	Disease	MONDO:0005404			MONDO:0005404	myalgic encephalomeyelitis/chronic fatigue syndrome
Chronic Fatigue Syndrome (CFS/ME)	Disease	MONDO:0005404	NK-cells	BiologicalProcess	GO:0039671	MONDO:0005404	myalgic encephalomeyelitis/chronic fatigue syndrome	GO:0039671	evasion by virus of host natural killer cell activity
CD4+iNKT	BiologicalProcess	GO:0045224	Chronic Fatigue Syndrome/Myalgic Encephalomyelitis (CFS/ME)	Disease	MONDO:0005404	GO:0045224	positive regulation of CD4 production	MONDO:0005404	myalgic encephalomeyelitis/chronic fatigue syndrome
phenylalanine	Protein	Unknown:Unknown	CFS	Disease	MONDO:0005404			MONDO:0005404	myalgic encephalomeyelitis/chronic fatigue syndrome
hyperosmotic stress	BiologicalProcess	GO:0006972	ME/CFS	Disease	MONDO:0005404	GO:0006972	hyperosmotic response	MONDO:0005404	myalgic encephalomeyelitis/chronic fatigue syndrome
effector memory CD8+ T cell	BiologicalProcess	GO:0061485	ME/CFS	Disease	MONDO:0005404	GO:0061485	memory T cell proliferation	MONDO:0005404	myalgic encephalomeyelitis/chronic fatigue syndrome
terminally differentiated effector CD8+ T cell	BiologicalProcess	Unknown:Unknown	ME/CFS	Disease	MONDO:0005404			MONDO:0005404	myalgic encephalomeyelitis/chronic fatigue syndrome
mucosal associated invariant T cells (MAIT) cell	BiologicalProcess	Unknown:Unknown	ME/CFS	Disease	MONDO:0005404			MONDO:0005404	myalgic encephalomeyelitis/chronic fatigue syndrome
nitrosative stress	Pathway	Unknown:Unknown	ME/CFS	Disease	MONDO:0005404			MONDO:0005404	myalgic encephalomeyelitis/chronic fatigue syndrome
ATP synthase subunit beta (ATPB)	Gene	Unknown:Unknown	Chronic fatigue syndrome (CFS)	Disease	MONDO:0005404			MONDO:0005404	myalgic encephalomeyelitis/chronic fatigue syndrome
rintatolimod	PharmacologicClass	Unknown:Unknown	Chronic fatigue syndrome/ Myalgic encephalomyelitis (CFS/ME)	Disease	MONDO:0005404			MONDO:0005404	myalgic encephalomeyelitis/chronic fatigue syndrome
LPS-binding protein (LBP)	Gene	Unknown:Unknown	myalgic encephalomyelitis/chronic fatigue syndrome (ME/CFS)	Disease	MONDO:0005404			MONDO:0005404	myalgic encephalomeyelitis/chronic fatigue syndrome
sphingolipid	Pathway	REACT:R-MMU-428157	myalgic encephalomyelitis/chronic fatigue syndrome (ME/CFS)	Disease	MONDO:0005404	REACT:R-MMU-428157	Sphingolipid metabolism	MONDO:0005404	myalgic encephalomeyelitis/chronic fatigue syndrome
TBARS	Compound	MESH:D017392	Myalgic encephalomyelitis chronic fatigue syndrome (ME/CFS)	Disease	MONDO:0005404	MESH:D017392	Thiobarbituric Acid Reactive Substances	MONDO:0005404	myalgic encephalomeyelitis/chronic fatigue syndrome
pyruvate	Metabolite	HMDB:HMDB0254610	Chronic fatigue syndrome (CFS)	Disease	MONDO:0005404	HMDB:HMDB0254610	Methyl pyruvate	MONDO:0005404	myalgic encephalomeyelitis/chronic fatigue syndrome
oxidative	Pathway	Unknown:Unknown	ME/CFS	Disease	MONDO:0005404			MONDO:0005404	myalgic encephalomeyelitis/chronic fatigue syndrome
lung cancer	Disease	MONDO:0008903	nitrogen oxides (NOx)	Compound	MESH:D009589	MONDO:0008903	lung cancer	MESH:D009589	Nitrogen Oxides
PM2.5	Compound	MESH:D052638	lung cancer	Disease	MONDO:0008903	MESH:D052638	Particulate Matter	MONDO:0008903	lung cancer
lung cancer	Disease	MONDO:0008903	omega-3 PUFAs	Compound	DrugBank:DB11133	MONDO:0008903	lung cancer	DrugBank:DB11133	OMEGA-3 FATTY ACIDS
omega-6 PUFAs	Compound	DrugBank:DB13168	lung cancer	Disease	MONDO:0008903	DrugBank:DB13168	OMEGA-6 FATTY ACIDS	MONDO:0008903	lung cancer
omega-3 PUFAs	Compound	DrugBank:DB11133	lung cancer	Disease	MONDO:0008903	DrugBank:DB11133	OMEGA-3 FATTY ACIDS	MONDO:0008903	lung cancer
Azithromycin	Compound	MESH:D017963	Veillonellaceae	Microbe	Unknown:Unknown	MESH:D017963	Azithromycin		
PM2.5	Compound	MESH:D052638	asthma	Disease	MONDO:0004979	MESH:D052638	Particulate Matter	MONDO:0004979	asthma
ozone	Compound	DrugBank:DB12510	asthma	Disease	MONDO:0004979	DrugBank:DB12510	OZONE	MONDO:0004979	asthma
lung inflammatory injury	Disease	MESH:D055370	PM2.5	Compound	MESH:D052638	MESH:D055370	Lung Injury	MESH:D052638	Particulate Matter
HMGB1	Gene	ENTREZ:15289	PM2.5	Compound	MESH:D052638	ENTREZ:15289	Hmgb1	MESH:D052638	Particulate Matter
NLRP3	Gene	ENTREZ:216799	PM2.5	Compound	MESH:D052638	ENTREZ:216799	Nlrp3	MESH:D052638	Particulate Matter
lung inflammatory injury	Disease	MESH:D055370	baicalin	Compound	MESH:C038044	MESH:D055370	Lung Injury	MESH:C038044	BAICALIN
caspase-1	Gene	ENTREZ:12362	PM2.5	Compound	MESH:D052638	ENTREZ:12362	Casp1	MESH:D052638	Particulate Matter
ASC	Gene	ENTREZ:66824	PM2.5	Compound	MESH:D052638	ENTREZ:66824	Pycard	MESH:D052638	Particulate Matter
CD8+ T cell	BiologicalProcess	Unknown:Unknown	ME/CFS	Disease	MONDO:0005404			MONDO:0005404	myalgic encephalomeyelitis/chronic fatigue syndrome
HMGB1/Caspase1 pathway	Pathway	REACT:R-MMU-844456	baicalin	Compound	MESH:C038044	REACT:R-MMU-844456	The NLRP3 inflammasome	MESH:C038044	BAICALIN
ATG13	Protein	Unknown:Unknown	ME/CFS	Disease	MONDO:0005404			MONDO:0005404	myalgic encephalomeyelitis/chronic fatigue syndrome
EBV-VCA IgG	Protein	Unknown:Unknown	ME/CFS	Disease	MONDO:0005404			MONDO:0005404	myalgic encephalomeyelitis/chronic fatigue syndrome
neurovascular dysregulation	Disease	MONDO:0043218	acute exercise intolerance	Symptom	SYMP:0019176	MONDO:0043218	neurovascular disorder	SYMP:0019176	malaise
LIF	Protein	Unknown:Unknown	ME/CFS	Disease	MONDO:0005404			MONDO:0005404	myalgic encephalomeyelitis/chronic fatigue syndrome
SCF	Protein	Unknown:Unknown	ME/CFS	Disease	MONDO:0005404			MONDO:0005404	myalgic encephalomeyelitis/chronic fatigue syndrome
CD40L	Protein	Unknown:Unknown	Myalgic Encephalomyelitis or Chronic Fatigue Syndrome (ME/CFS)	Disease	MONDO:0005404			MONDO:0005404	myalgic encephalomeyelitis/chronic fatigue syndrome
branch chain amino acid	Pathway	KEGG:hsa00290	CFS	Disease	MONDO:0005404	KEGG:hsa00290	Valine, leucine and isoleucine biosynthesis	MONDO:0005404	myalgic encephalomeyelitis/chronic fatigue syndrome
leptin	Protein	Unknown:Unknown	ME/CFS	Disease	MONDO:0005404			MONDO:0005404	myalgic encephalomeyelitis/chronic fatigue syndrome
long-haul COVID-19	Disease	MONDO:0100233	postural tachycardia syndrome (POTS)	Disease	MONDO:0011479	MONDO:0100233	long COVID-19	MONDO:0011479	postural orthostatic tachycardia syndrome
long-haul COVID	Disease	MONDO:0100233	ME/CFS	Disease	MONDO:0005404	MONDO:0100233	long COVID-19	MONDO:0005404	myalgic encephalomeyelitis/chronic fatigue syndrome
rs11157573	Gene	ENTREZ:105370401	ME/CFS	Disease	MONDO:0005404	ENTREZ:105370401	TRD-AS1	MONDO:0005404	myalgic encephalomeyelitis/chronic fatigue syndrome
rs17255510	Gene	Unknown:Unknown	ME/CFS	Disease	MONDO:0005404			MONDO:0005404	myalgic encephalomeyelitis/chronic fatigue syndrome
chronic fatigue syndrome	Disease	MONDO:0005404	Polycystic Ovary Syndrome	Disease	MONDO:0008487	MONDO:0005404	myalgic encephalomeyelitis/chronic fatigue syndrome	MONDO:0008487	polycystic ovary syndrome
chronic fatigue syndrome	Disease	MONDO:0005404	malaise	Symptom	SYMP:0019176	MONDO:0005404	myalgic encephalomeyelitis/chronic fatigue syndrome	SYMP:0019176	malaise
chronic fatigue syndrome	Disease	MONDO:0005404	decreased appetite	Symptom	SYMP:0000245	MONDO:0005404	myalgic encephalomeyelitis/chronic fatigue syndrome	SYMP:0000245	decreased appetite
chronic fatigue syndrome	Disease	MONDO:0005404	Cough	Symptom	SYMP:0000614	MONDO:0005404	myalgic encephalomeyelitis/chronic fatigue syndrome	SYMP:0000614	cough
long COVID	Disease	MONDO:0100233	Fatigue	Symptom	SYMP:0019177	MONDO:0100233	long COVID-19	SYMP:0019177	fatigue
chronic fatigue syndrome	Disease	MONDO:0005404	Endometriosis	Disease	MONDO:0005133	MONDO:0005404	myalgic encephalomeyelitis/chronic fatigue syndrome	MONDO:0005133	endometriosis
chronic fatigue syndrome	Disease	MONDO:0005404	Amenorrhea	Disease	MONDO:0001836	MONDO:0005404	myalgic encephalomeyelitis/chronic fatigue syndrome	MONDO:0001836	amenorrhea
chronic fatigue syndrome	Disease	MONDO:0005404	Ovarian Cysts	Disease	MONDO:0003282	MONDO:0005404	myalgic encephalomeyelitis/chronic fatigue syndrome	MONDO:0003282	ovarian cyst
chronic fatigue syndrome	Disease	MONDO:0005404	Dysmenorrhea	Disease	MESH:D004412	MONDO:0005404	myalgic encephalomeyelitis/chronic fatigue syndrome	MESH:D004412	Stromme syndrome
chronic fatigue syndrome	Disease	MONDO:0005404	Oligomenorrhea	Disease	MESH:D009839	MONDO:0005404	myalgic encephalomeyelitis/chronic fatigue syndrome	MESH:D009839	optic atrophy
chronic fatigue syndrome	Disease	MONDO:0005404	Nausea	Symptom	SYMP:0000458	MONDO:0005404	myalgic encephalomeyelitis/chronic fatigue syndrome	SYMP:0000458	nausea
long COVID	Disease	MONDO:0100233	female gonad	Anatomy	UBERON:0000992	MONDO:0100233	long COVID-19	UBERON:0000992	ovary
chronic fatigue syndrome	Disease	MONDO:0005404	Pelvic Pain	Symptom	MESH:D017699	MONDO:0005404	myalgic encephalomeyelitis/chronic fatigue syndrome	MESH:D017699	Pelvic Pain
long COVID	Disease	MONDO:0100233	Dyspnea	Symptom	SYMP:0019153	MONDO:0100233	long COVID-19	SYMP:0019153	dyspnea
long COVID	Disease	MONDO:0100233	Neurogenic Inflammation	Symptom	MESH:D020078	MONDO:0100233	long COVID-19	MESH:D020078	Neurogenic Inflammation
long COVID	Disease	MONDO:0100233	brainstem	Anatomy	UBERON:0002298	MONDO:0100233	long COVID-19	UBERON:0002298	brainstem
long COVID	Disease	MONDO:0100233	chest tightness	Symptom	SYMP:0020032	MONDO:0100233	long COVID-19	SYMP:0020032	chest tightness
long COVID	Disease	MONDO:0100233	B2M	Gene	ENTREZ:567	MONDO:0100233	long COVID-19	ENTREZ:567	B2M
long COVID	Disease	MONDO:0100233	Pulmonary Fibrosis	Disease	MONDO:0002771	MONDO:0100233	long COVID-19	MONDO:0002771	pulmonary fibrosis
COVID-19	Disease	MONDO:0100096	Remdesivir	Compound	DrugBank:DB14761	MONDO:0100096	COVID-19	DrugBank:DB14761	Remdesivir
COVID-19	Disease	MONDO:0100096	Tocilizumab	Compound	DrugBank:DB06273	MONDO:0100096	COVID-19	DrugBank:DB06273	Tocilizumab
long COVID	Disease	MONDO:0100233	Chest Pain	Symptom	SYMP:0000576	MONDO:0100233	long COVID-19	SYMP:0000576	chest pain
long COVID	Disease	MONDO:0100233	nose	Anatomy	UBERON:0000004	MONDO:0100233	long COVID-19	UBERON:0000004	nose
long COVID	Disease	MONDO:0100233	SOD1	Gene	ENTREZ:6647	MONDO:0100233	long COVID-19	ENTREZ:6647	SOD1
long COVID	Disease	MONDO:0100233	BCL2	Gene	ENTREZ:596	MONDO:0100233	long COVID-19	ENTREZ:596	BCL2
long COVID	Disease	MONDO:0100233	EGF	Gene	ENTREZ:1950	MONDO:0100233	long COVID-19	ENTREZ:1950	EGF
chronic fatigue syndrome	Disease	MONDO:0005404	Flavonoids	Compound	MESH:D005419	MONDO:0005404	myalgic encephalomeyelitis/chronic fatigue syndrome	DrugBank:DB14586	Citrus bioflavonoids
chronic fatigue syndrome	Disease	MONDO:0005404	S100PBP	Gene	ENTREZ:64766	MONDO:0005404	myalgic encephalomeyelitis/chronic fatigue syndrome	ENTREZ:64766	S100PBP
chronic fatigue syndrome	Disease	MONDO:0005404	ATP9A	Gene	ENTREZ:10079	MONDO:0005404	myalgic encephalomeyelitis/chronic fatigue syndrome	ENTREZ:10079	ATP9A
long COVID	Disease	MONDO:0100233	Ergothioneine	Compound	MESH:D004880	MONDO:0100233	long COVID-19	MESH:D004880	ERGOTHIONEINE
long COVID	Disease	MONDO:0100233	Flavonoids	Compound	MESH:D005419	MONDO:0100233	long COVID-19	DrugBank:DB14586	Citrus bioflavonoids
chronic fatigue syndrome	Disease	MONDO:0005404	KCNB1	Gene	ENTREZ:3745	MONDO:0005404	myalgic encephalomeyelitis/chronic fatigue syndrome	ENTREZ:3745	KCNB1
chronic fatigue syndrome	Disease	MONDO:0005404	CLOCK	Gene	ENTREZ:9575	MONDO:0005404	myalgic encephalomeyelitis/chronic fatigue syndrome	ENTREZ:9575	CLOCK
chronic fatigue syndrome	Disease	MONDO:0005404	SLC15A4	Gene	ENTREZ:121260	MONDO:0005404	myalgic encephalomeyelitis/chronic fatigue syndrome	ENTREZ:121260	SLC15A4
chronic fatigue syndrome	Disease	MONDO:0005404	TMEM232	Gene	ENTREZ:642987	MONDO:0005404	myalgic encephalomeyelitis/chronic fatigue syndrome	ENTREZ:642987	TMEM232
COVID-19	Disease	MONDO:0100096	S100A12	Gene	ENTREZ:6283	MONDO:0100096	COVID-19	ENTREZ:6283	S100A12
long COVID	Disease	MONDO:0100233	brainstem	Anatomy	UBERON:0002298	MONDO:0100233	long COVID-19	UBERON:0002298	brainstem
long COVID	Disease	MONDO:0100233	cerebellum	Anatomy	UBERON:0002037	MONDO:0100233	long COVID-19	UBERON:0002037	cerebellum
long COVID	Disease	MONDO:0100233	Parkinson Disease	Disease	MONDO:0005180	MONDO:0100233	long COVID-19	MONDO:0005180	Parkinson disease
long COVID	Disease	MONDO:0100233	Neurodegenerative Diseases	Disease	MONDO:0005559	MONDO:0100233	long COVID-19	MONDO:0005559	neurodegenerative disease
Guillain-Barre Syndrome	Disease	MONDO:0016218	long COVID	Disease	MONDO:0100233	MONDO:0016218	Guillain-Barre syndrome	MONDO:0100233	long COVID-19
chronic fatigue syndrome	Disease	MONDO:0005404	Amyloidosis	Disease	MONDO:0019065	MONDO:0005404	myalgic encephalomeyelitis/chronic fatigue syndrome	MONDO:0019065	amyloidosis
chronic fatigue syndrome	Disease	MONDO:0005404	Epiglottitis	Disease	MONDO:0005753	MONDO:0005404	myalgic encephalomeyelitis/chronic fatigue syndrome	MONDO:0005753	epiglottitis
Headache	Symptom	SYMP:0000504	Hypercapnia	Disease	MESH:D006935	SYMP:0000504	headache	MESH:D006935	glaucoma type 1C
long COVID	Disease	MONDO:0100233	Hyperhomocysteinemia	Disease	MONDO:0004743	MONDO:0100233	long COVID-19	MONDO:0004743	hyperhomocysteinemia
Headache	Symptom	SYMP:0000504	Migraine Disorders	Disease	MONDO:0005277	SYMP:0000504	headache	MONDO:0005277	migraine disorder
long COVID	Disease	MONDO:0100233	chronic fatigue syndrome	Disease	MONDO:0005404	MONDO:0100233	long COVID-19	MONDO:0005404	myalgic encephalomeyelitis/chronic fatigue syndrome
long COVID	Disease	MONDO:0100233	pulmonary hypertension	Disease	MONDO:0005149	MONDO:0100233	long COVID-19	MONDO:0005149	pulmonary hypertension
long COVID	Disease	MONDO:0100233	pulmonary embolism	Disease	MONDO:0005279	MONDO:0100233	long COVID-19	MONDO:0005279	pulmonary embolism
long COVID	Disease	MONDO:0100233	pulmonary fibrosis	Disease	MONDO:0002771	MONDO:0100233	long COVID-19	MONDO:0002771	pulmonary fibrosis
long COVID	Disease	MONDO:0100233	thrombosis	Disease	MONDO:0000831	MONDO:0100233	long COVID-19	MONDO:0000831	thrombotic disease
long COVID	Disease	MONDO:0100233	Chest Pain	Symptom	SYMP:0000576	MONDO:0100233	long COVID-19	SYMP:0000576	chest pain
RNase L enzyme	Gene	ENTREZ:6041	CFS	Disease	MONDO:0005404	ENTREZ:6041	RNASEL	MONDO:0005404	myalgic encephalomeyelitis/chronic fatigue syndrome
elastase	Gene	ENTREZ:1991	CFS	Disease	MONDO:0005404	ENTREZ:1991	ELANE	MONDO:0005404	myalgic encephalomeyelitis/chronic fatigue syndrome
elastase	Gene	ENTREZ:1991	83 kDa RNase L	Gene	ENTREZ:6041	ENTREZ:1991	ELANE	ENTREZ:6041	RNASEL
83 kDa RNase L	Gene	ENTREZ:6041	CFS	Disease	MONDO:0005404	ENTREZ:6041	RNASEL	MONDO:0005404	myalgic encephalomeyelitis/chronic fatigue syndrome
calpain	Gene	ENTREZ:823	83 kDa RNase L	Gene	ENTREZ:6041	ENTREZ:823	CAPN1	ENTREZ:6041	RNASEL
