key_sentence	pmids	relation_type	resource	source_name	source_id	source_type	target_name	target_id	target_type
		GNBR::L::Gene:Disease	CustomDB	H19	ENTREZ:283120	Gene	"Cicatrix, Hypertrophic"	MESH:D017439	Disease
		GNBR::L::Gene:Disease	CustomDB	TGFB1	ENTREZ:7040	Gene	"Cicatrix, Hypertrophic"	MESH:D017439	Disease
		GNBR::L::Gene:Disease	CustomDB	CD36	ENTREZ:948	Gene	"Cicatrix, Hypertrophic"	MESH:D017439	Disease
		GNBR::L::Gene:Disease	CustomDB	SERPINH1	ENTREZ:871	Gene	"Cicatrix, Hypertrophic"	MESH:D017439	Disease
		GNBR::L::Gene:Disease	CustomDB	BMP6	ENTREZ:654	Gene	"Cicatrix, Hypertrophic"	MESH:D017439	Disease
		GNBR::L::Gene:Disease	CustomDB	SMAD3	ENTREZ:4088	Gene	"Cicatrix, Hypertrophic"	MESH:D017439	Disease
		GNBR::L::Gene:Disease	CustomDB	TGFB2	ENTREZ:7042	Gene	"Cicatrix, Hypertrophic"	MESH:D017439	Disease
		GNBR::X::Gene:Disease	CustomDB	IL1A	ENTREZ:3552	Gene	"Cicatrix, Hypertrophic"	MESH:D017439	Disease
		GNBR::X::Gene:Disease	CustomDB	IL1B	ENTREZ:3553	Gene	"Cicatrix, Hypertrophic"	MESH:D017439	Disease
		GNBR::X::Gene:Disease	CustomDB	IL6	ENTREZ:3569	Gene	"Cicatrix, Hypertrophic"	MESH:D017439	Disease
		GNBR::X::Gene:Disease	CustomDB	TNF	ENTREZ:7124	Gene	"Cicatrix, Hypertrophic"	MESH:D017439	Disease
		GNBR::X::Gene:Disease	CustomDB	IL31	ENTREZ:386653	Gene	"Cicatrix, Hypertrophic"	MESH:D017439	Disease
	38731893	GNBR::L::Gene:Disease	CustomDB	PDGFA	ENTREZ:5154	Gene	"Cicatrix, Hypertrophic"	MESH:D017439	Disease
	38731893	GNBR::L::Gene:Disease	CustomDB	PDGFB	ENTREZ:5155	Gene	"Cicatrix, Hypertrophic"	MESH:D017439	Disease
	38731893	GNBR::L::Gene:Disease	CustomDB	IGF1	ENTREZ:3479	Gene	"Cicatrix, Hypertrophic"	MESH:D017439	Disease
	38731893	GNBR::L::Gene:Disease	CustomDB	IL4	ENTREZ:3565	Gene	"Cicatrix, Hypertrophic"	MESH:D017439	Disease
	38731893	GNBR::L::Gene:Disease	CustomDB	IL10	ENTREZ:3586	Gene	"Cicatrix, Hypertrophic"	MESH:D017439	Disease
	38731893	GNBR::L::Gene:Disease	CustomDB	TGFB3	ENTREZ:7043	Gene	"Cicatrix, Hypertrophic"	MESH:D017439	Disease
	38731893	GNBR::L::Gene:Disease	CustomDB	IFNG	ENTREZ:3458	Gene	"Cicatrix, Hypertrophic"	MESH:D017439	Disease
	38731893	GNBR::L::Gene:Disease	CustomDB	IL12A	ENTREZ:3592	Gene	"Cicatrix, Hypertrophic"	MESH:D017439	Disease
	38731893	GNBR::L::Gene:Disease	CustomDB	IL12B	ENTREZ:3593	Gene	"Cicatrix, Hypertrophic"	MESH:D017439	Disease
	38731893	GNBR::L::Gene:Disease	CustomDB	MMP1	ENTREZ:4312	Gene	"Cicatrix, Hypertrophic"	MESH:D017439	Disease
	38731893	GNBR::L::Gene:Disease	CustomDB	MMP2	ENTREZ:4313	Gene	"Cicatrix, Hypertrophic"	MESH:D017439	Disease
	38731893	GNBR::L::Gene:Disease	CustomDB	MMP3	ENTREZ:4314	Gene	"Cicatrix, Hypertrophic"	MESH:D017439	Disease
	38731893	GNBR::L::Gene:Disease	CustomDB	MMP7	ENTREZ:4316	Gene	"Cicatrix, Hypertrophic"	MESH:D017439	Disease
	38731893	GNBR::L::Gene:Disease	CustomDB	MMP9	ENTREZ:4318	Gene	"Cicatrix, Hypertrophic"	MESH:D017439	Disease
	38731893	GNBR::L::Gene:Disease	CustomDB	MMP10	ENTREZ:4315	Gene	"Cicatrix, Hypertrophic"	MESH:D017439	Disease
	38731893	GNBR::L::Gene:Disease	CustomDB	MMP12	ENTREZ:4321	Gene	"Cicatrix, Hypertrophic"	MESH:D017439	Disease
	38731893	GNBR::L::Gene:Disease	CustomDB	MMP13	ENTREZ:4322	Gene	"Cicatrix, Hypertrophic"	MESH:D017439	Disease
	38731893	GNBR::L::Gene:Disease	CustomDB	MMP14	ENTREZ:4323	Gene	"Cicatrix, Hypertrophic"	MESH:D017439	Disease
	38731893	GNBR::L::Gene:Disease	CustomDB	COL1A1	ENTREZ:1277	Gene	"Cicatrix, Hypertrophic"	MESH:D017439	Disease
	38731893	GNBR::L::Gene:Disease	CustomDB	COL1A2	ENTREZ:1278	Gene	"Cicatrix, Hypertrophic"	MESH:D017439	Disease
	38731893	GNBR::L::Gene:Disease	CustomDB	COL2A1	ENTREZ:1280	Gene	"Cicatrix, Hypertrophic"	MESH:D017439	Disease
	38731893	GNBR::L::Gene:Disease	CustomDB	COL3A1	ENTREZ:1281	Gene	"Cicatrix, Hypertrophic"	MESH:D017439	Disease
	38731893	GNBR::L::Gene:Disease	CustomDB	COL4A1	ENTREZ:1282	Gene	"Cicatrix, Hypertrophic"	MESH:D017439	Disease
	38731893	GNBR::L::Gene:Disease	CustomDB	COL4A2	ENTREZ:1284	Gene	"Cicatrix, Hypertrophic"	MESH:D017439	Disease
	38731893	GNBR::L::Gene:Disease	CustomDB	COL5A1	ENTREZ:1289	Gene	"Cicatrix, Hypertrophic"	MESH:D017439	Disease
	38731893	GNBR::L::Gene:Disease	CustomDB	COL5A2	ENTREZ:1290	Gene	"Cicatrix, Hypertrophic"	MESH:D017439	Disease
	38731893	GNBR::L::Gene:Disease	CustomDB	COL6A1	ENTREZ:1291	Gene	"Cicatrix, Hypertrophic"	MESH:D017439	Disease
	38731893	GNBR::L::Gene:Disease	CustomDB	COL6A2	ENTREZ:1292	Gene	"Cicatrix, Hypertrophic"	MESH:D017439	Disease
	38731893	GNBR::L::Gene:Disease	CustomDB	COL6A3	ENTREZ:1293	Gene	"Cicatrix, Hypertrophic"	MESH:D017439	Disease
	38731893	GNBR::L::Gene:Disease	CustomDB	COL7A1	ENTREZ:1294	Gene	"Cicatrix, Hypertrophic"	MESH:D017439	Disease
	38731893	GNBR::L::Gene:Disease	CustomDB	COL8A1	ENTREZ:1295	Gene	"Cicatrix, Hypertrophic"	MESH:D017439	Disease
	38731893	GNBR::L::Gene:Disease	CustomDB	COL9A1	ENTREZ:1296	Gene	"Cicatrix, Hypertrophic"	MESH:D017439	Disease
	38731893	GNBR::L::Gene:Disease	CustomDB	COL10A1	ENTREZ:1297	Gene	"Cicatrix, Hypertrophic"	MESH:D017439	Disease
	38731893	GNBR::L::Gene:Disease	CustomDB	COL11A1	ENTREZ:1301	Gene	"Cicatrix, Hypertrophic"	MESH:D017439	Disease
	38731893	GNBR::L::Gene:Disease	CustomDB	COL11A2	ENTREZ:1302	Gene	"Cicatrix, Hypertrophic"	MESH:D017439	Disease
	38731893	GNBR::L::Gene:Disease	CustomDB	IL17A	ENTREZ:3605	Gene	"Cicatrix, Hypertrophic"	MESH:D017439	Disease
	38731893	GNBR::L::Gene:Disease	CustomDB	TGFB1	ENTREZ:7040	Gene	"Cicatrix, Hypertrophic"	MESH:D017439	Disease
	38731893	GNBR::L::Gene:Disease	CustomDB	TGFB2	ENTREZ:7042	Gene	"Cicatrix, Hypertrophic"	MESH:D017439	Disease
	38731893	GNBR::L::Gene:Disease	CustomDB	SMAD2	ENTREZ:4087	Gene	"Cicatrix, Hypertrophic"	MESH:D017439	Disease
	38731893	GNBR::L::Gene:Disease	CustomDB	SMAD3	ENTREZ:4088	Gene	"Cicatrix, Hypertrophic"	MESH:D017439	Disease
	38731893	GNBR::L::Gene:Disease	CustomDB	SMAD4	ENTREZ:4089	Gene	"Cicatrix, Hypertrophic"	MESH:D017439	Disease
	38731893	GNBR::L::Gene:Disease	CustomDB	SMURF2	ENTREZ:64750	Gene	"Cicatrix, Hypertrophic"	MESH:D017439	Disease
	38731893	GNBR::L::Gene:Disease	CustomDB	MAP3K7	ENTREZ:6885	Gene	"Cicatrix, Hypertrophic"	MESH:D017439	Disease
	38731893	GNBR::L::Gene:Disease	CustomDB	FN1	ENTREZ:2335	Gene	"Cicatrix, Hypertrophic"	MESH:D017439	Disease
	38731893	GNBR::L::Gene:Disease	CustomDB	HAS1	ENTREZ:3037	Gene	"Cicatrix, Hypertrophic"	MESH:D017439	Disease
	38731893	GNBR::L::Gene:Disease	CustomDB	HAS2	ENTREZ:3038	Gene	"Cicatrix, Hypertrophic"	MESH:D017439	Disease
	38731893	GNBR::L::Gene:Disease	CustomDB	HAS3	ENTREZ:3039	Gene	"Cicatrix, Hypertrophic"	MESH:D017439	Disease
	38731893	GNBR::L::Gene:Disease	CustomDB	IL1A	ENTREZ:3552	Gene	"Cicatrix, Hypertrophic"	MESH:D017439	Disease
	38731893	GNBR::L::Gene:Disease	CustomDB	IL1B	ENTREZ:3553	Gene	"Cicatrix, Hypertrophic"	MESH:D017439	Disease
	38731893	GNBR::L::Gene:Disease	CustomDB	IL6	ENTREZ:3569	Gene	"Cicatrix, Hypertrophic"	MESH:D017439	Disease
	38731893	GNBR::L::Gene:Disease	CustomDB	IL31	ENTREZ:386653	Gene	"Cicatrix, Hypertrophic"	MESH:D017439	Disease
	38731893	GNBR::L::Gene:Disease	CustomDB	TNF	ENTREZ:7124	Gene	"Cicatrix, Hypertrophic"	MESH:D017439	Disease
	38731893	GNBR::L::Gene:Disease	CustomDB	IFNA1	ENTREZ:3439	Gene	"Cicatrix, Hypertrophic"	MESH:D017439	Disease
	38731893	GNBR::L::Gene:Disease	CustomDB	OSMR	ENTREZ:9180	Gene	"Cicatrix, Hypertrophic"	MESH:D017439	Disease
	38731893	GNBR::L::Gene:Disease	CustomDB	VEGFA	ENTREZ:7422	Gene	"Cicatrix, Hypertrophic"	MESH:D017439	Disease
	38731893	GNBR::L::Gene:Disease	CustomDB	FGF2	ENTREZ:2247	Gene	"Cicatrix, Hypertrophic"	MESH:D017439	Disease
	38731893	GNBR::L::Gene:Disease	CustomDB	TIMP1	ENTREZ:7076	Gene	"Cicatrix, Hypertrophic"	MESH:D017439	Disease
	38731893	GNBR::L::Gene:Disease	CustomDB	TIMP2	ENTREZ:7077	Gene	"Cicatrix, Hypertrophic"	MESH:D017439	Disease
	38731893	GNBR::L::Gene:Disease	CustomDB	SERPINH1	ENTREZ:871	Gene	"Cicatrix, Hypertrophic"	MESH:D017439	Disease
	38731893	GNBR::L::Gene:Disease	CustomDB	ACTA2	ENTREZ:59	Gene	"Cicatrix, Hypertrophic"	MESH:D017439	Disease
	38731893	GNBR::L::Gene:Disease	CustomDB	PPARG	ENTREZ:5468	Gene	"Cicatrix, Hypertrophic"	MESH:D017439	Disease
	38731893	GNBR::L::Gene:Disease	CustomDB	CEBPA	ENTREZ:1050	Gene	"Cicatrix, Hypertrophic"	MESH:D017439	Disease
	38731893	GNBR::L::Gene:Disease	CustomDB	EDN1	ENTREZ:1906	Gene	"Cicatrix, Hypertrophic"	MESH:D017439	Disease
	38731893	GNBR::L::Gene:Disease	CustomDB	TERT	ENTREZ:7015	Gene	"Cicatrix, Hypertrophic"	MESH:D017439	Disease
	38731893	GNBR::L::Gene:Disease	CustomDB	S100A4	ENTREZ:6275	Gene	"Cicatrix, Hypertrophic"	MESH:D017439	Disease
	38731893	GNBR::L::Gene:Disease	CustomDB	CSF2	ENTREZ:1437	Gene	"Cicatrix, Hypertrophic"	MESH:D017439	Disease
	38731893	GNBR::L::Gene:Disease	CustomDB	CSF3	ENTREZ:1440	Gene	"Cicatrix, Hypertrophic"	MESH:D017439	Disease
	38731893	GNBR::L::Gene:Disease	CustomDB	HGF	ENTREZ:3082	Gene	"Cicatrix, Hypertrophic"	MESH:D017439	Disease
	38731893	GNBR::L::Gene:Disease	CustomDB	ACE	ENTREZ:1636	Gene	"Cicatrix, Hypertrophic"	MESH:D017439	Disease
	38731893	GNBR::L::Gene:Disease	CustomDB	AGTR1	ENTREZ:185	Gene	"Cicatrix, Hypertrophic"	MESH:D017439	Disease
	38731893	GNBR::L::Gene:Disease	CustomDB	TRIM32	ENTREZ:22954	Gene	"Cicatrix, Hypertrophic"	MESH:D017439	Disease
	38731893	GNBR::L::Gene:Disease	CustomDB	LPAR1	ENTREZ:1902	Gene	"Cicatrix, Hypertrophic"	MESH:D017439	Disease
	38731893	GNBR::L::Gene:Disease	CustomDB	FOXF1	ENTREZ:2294	Gene	"Cicatrix, Hypertrophic"	MESH:D017439	Disease
	38731893	GNBR::L::Gene:Disease	CustomDB	NPY	ENTREZ:4852	Gene	"Cicatrix, Hypertrophic"	MESH:D017439	Disease
	38731893	GNBR::L::Gene:Disease	CustomDB	HTR1A	ENTREZ:3350	Gene	"Cicatrix, Hypertrophic"	MESH:D017439	Disease
	38731893	GNBR::L::Gene:Disease	CustomDB	SST	ENTREZ:6750	Gene	"Cicatrix, Hypertrophic"	MESH:D017439	Disease
	38731893	GNBR::L::Gene:Disease	CustomDB	ADCY8	ENTREZ:114	Gene	"Cicatrix, Hypertrophic"	MESH:D017439	Disease
	38731893	GNBR::L::Gene:Disease	CustomDB	NMUR1	ENTREZ:284098	Gene	"Cicatrix, Hypertrophic"	MESH:D017439	Disease
	38731893	GNBR::L::Gene:Disease	CustomDB	GNG3	ENTREZ:2785	Gene	"Cicatrix, Hypertrophic"	MESH:D017439	Disease
	38731893	GNBR::L::Gene:Disease	CustomDB	GNG13	ENTREZ:2792	Gene	"Cicatrix, Hypertrophic"	MESH:D017439	Disease
	38731893	GNBR::L::Gene:Disease	CustomDB	HOXA9	ENTREZ:3205	Gene	"Cicatrix, Hypertrophic"	MESH:D017439	Disease
	38731893	GNBR::L::Gene:Disease	CustomDB	BMP4	ENTREZ:652	Gene	"Cicatrix, Hypertrophic"	MESH:D017439	Disease
	38731893	GNBR::L::Gene:Disease	CustomDB	CDKN1A	ENTREZ:1026	Gene	"Cicatrix, Hypertrophic"	MESH:D017439	Disease
	38731893	GNBR::L::Gene:Disease	CustomDB	HOXA7	ENTREZ:3203	Gene	"Cicatrix, Hypertrophic"	MESH:D017439	Disease
	38731893	GNBR::L::Gene:Disease	CustomDB	PSMA4	ENTREZ:5687	Gene	"Cicatrix, Hypertrophic"	MESH:D017439	Disease
	38731893	GNBR::L::Gene:Disease	CustomDB	PSMB2	ENTREZ:5690	Gene	"Cicatrix, Hypertrophic"	MESH:D017439	Disease
	38731893	GNBR::L::Gene:Disease	CustomDB	CDK1	ENTREZ:983	Gene	"Cicatrix, Hypertrophic"	MESH:D017439	Disease
	38731893	GNBR::T::Compound:Disease	CustomDB	Captopril	DrugBank:DB01197	Compound	"Cicatrix, Hypertrophic"	MESH:D017439	Disease
	38731893	GNBR::T::Compound:Disease	CustomDB	Enalapril	DrugBank:DB00584	Compound	"Cicatrix, Hypertrophic"	MESH:D017439	Disease
	38731893	GNBR::T::Compound:Disease	CustomDB	Losartan	DrugBank:DB00678	Compound	"Cicatrix, Hypertrophic"	MESH:D017439	Disease
	38731893	GNBR::T::Compound:Disease	CustomDB	Tranilast	DrugBank:DB08990	Compound	"Cicatrix, Hypertrophic"	MESH:D017439	Disease
	38731893	GNBR::T::Compound:Disease	CustomDB	Interferon alfa-2b	DrugBank:DB00011	Compound	"Cicatrix, Hypertrophic"	MESH:D017439	Disease
	38731893	GNBR::T::Compound:Disease	CustomDB	Interferon beta	DrugBank:DB00068	Compound	"Cicatrix, Hypertrophic"	MESH:D017439	Disease
	38731893	GNBR::T::Compound:Disease	CustomDB	Interferon gamma	DrugBank:DB00033	Compound	"Cicatrix, Hypertrophic"	MESH:D017439	Disease
	38731893	GNBR::T::Compound:Disease	CustomDB	Verapamil	DrugBank:DB00661	Compound	"Cicatrix, Hypertrophic"	MESH:D017439	Disease
	38731893	GNBR::T::Compound:Disease	CustomDB	Nifedipine	DrugBank:DB01115	Compound	"Cicatrix, Hypertrophic"	MESH:D017439	Disease
	38731893	GNBR::T::Compound:Disease	CustomDB	Bleomycin	DrugBank:DB00290	Compound	"Cicatrix, Hypertrophic"	MESH:D017439	Disease
	38731893	GNBR::T::Compound:Disease	CustomDB	5-Fluorouracil	DrugBank:DB00544	Compound	"Cicatrix, Hypertrophic"	MESH:D017439	Disease
	38731893	GNBR::T::Compound:Disease	CustomDB	Mitomycin C	DrugBank:DB00305	Compound	"Cicatrix, Hypertrophic"	MESH:D017439	Disease
	38731893	GNBR::T::Compound:Disease	CustomDB	Paclitaxel	DrugBank:DB01229	Compound	"Cicatrix, Hypertrophic"	MESH:D017439	Disease
	38731893	GNBR::T::Compound:Disease	CustomDB	Tamoxifen	DrugBank:DB00675	Compound	"Cicatrix, Hypertrophic"	MESH:D017439	Disease
	38731893	GNBR::T::Compound:Disease	CustomDB	Collagenase	DrugBank:DB00848	Compound	"Cicatrix, Hypertrophic"	MESH:D017439	Disease
	38731893	GNBR::T::Compound:Disease	CustomDB	Hyaluronidase	DrugBank:DB00756	Compound	"Cicatrix, Hypertrophic"	MESH:D017439	Disease
	38731893	GNBR::T::Compound:Disease	CustomDB	Vitamin A (Retinol)	DrugBank:DB00162	Compound	"Cicatrix, Hypertrophic"	MESH:D017439	Disease
	38731893	GNBR::T::Compound:Disease	CustomDB	Vitamin D3 (Cholecalciferol)	DrugBank:DB00169	Compound	"Cicatrix, Hypertrophic"	MESH:D017439	Disease
	38731893	GNBR::T::Compound:Disease	CustomDB	Vitamin E (_-Tocopherol)	DrugBank:DB00163	Compound	"Cicatrix, Hypertrophic"	MESH:D017439	Disease
	38731893	GNBR::T::Compound:Disease	CustomDB	Tacrolimus	DrugBank:DB00864	Compound	"Cicatrix, Hypertrophic"	MESH:D017439	Disease
	38731893	GNBR::T::Compound:Disease	CustomDB	Imiquimod	DrugBank:DB00724	Compound	"Cicatrix, Hypertrophic"	MESH:D017439	Disease
	38731893	GNBR::T::Compound:Disease	CustomDB	Dupilumab	DrugBank:DB09039	Compound	"Cicatrix, Hypertrophic"	MESH:D017439	Disease
	38731893	GNBR::T::Compound:Disease	CustomDB	Botulinum Toxin (BTX-A)	DrugBank:DB00083	Compound	"Cicatrix, Hypertrophic"	MESH:D017439	Disease
	34772945	DRUGBANK::target::Compound:Gene	CustomDB	Cromoglicic acid	DrugBank:DB01003	Compound	COL18A1	ENTREZ:80781	Gene
	34772945	DRUGBANK::target::Compound:Gene	CustomDB	Cromoglicic acid	DrugBank:DB01003	Compound	FN1	ENTREZ:2335	Gene
	34772945	DRUGBANK::target::Compound:Gene	CustomDB	Cromoglicic acid	DrugBank:DB01003	Compound	TNC	ENTREZ:3371	Gene
	34772945	DRUGBANK::target::Compound:Gene	CustomDB	Cromoglicic acid	DrugBank:DB01003	Compound	PLP1	ENTREZ:5354	Gene
	34772945	DRUGBANK::target::Compound:Gene	CustomDB	Cromoglicic acid	DrugBank:DB01003	Compound	PELP1	ENTREZ:27043	Gene
	34772945	DRUGBANK::target::Compound:Gene	CustomDB	Cromoglicic acid	DrugBank:DB01003	Compound	HSP90AA1	ENTREZ:3320	Gene
	34772945	DRUGBANK::target::Compound:Gene	CustomDB	Cromoglicic acid	DrugBank:DB01003	Compound	IL2	ENTREZ:3558	Gene
	34772945	DRUGBANK::target::Compound:Gene	CustomDB	Cromoglicic acid	DrugBank:DB01003	Compound	CXCL1	ENTREZ:2919	Gene
	34772945	DRUGBANK::target::Compound:Gene	CustomDB	Cromoglicic acid	DrugBank:DB01003	Compound	CCL11	ENTREZ:6356	Gene
	34772945	DRUGBANK::target::Compound:Gene	CustomDB	Cromoglicic acid	DrugBank:DB01003	Compound	VEGFA	ENTREZ:7422	Gene
	34772945	DRUGBANK::target::Compound:Gene	CustomDB	Cromoglicic acid	DrugBank:DB01003	Compound	IL4	ENTREZ:3565	Gene
	34772945	DRUGBANK::target::Compound:Gene	CustomDB	Cromoglicic acid	DrugBank:DB01003	Compound	TTL	ENTREZ:7277	Gene
	34772945	DRUGBANK::target::Compound:Gene	CustomDB	Cromoglicic acid	DrugBank:DB01003	Compound	PROX1	ENTREZ:5629	Gene
	34772945	DRUGBANK::target::Compound:Gene	CustomDB	Cromoglicic acid	DrugBank:DB01003	Compound	RAB35	ENTREZ:11021	Gene
	34772945	DRUGBANK::target::Compound:Gene	CustomDB	Cromoglicic acid	DrugBank:DB01003	Compound	CSDE1	ENTREZ:7812	Gene
	34772945	DRUGBANK::target::Compound:Gene	CustomDB	Cromoglicic acid	DrugBank:DB01003	Compound	PIK3CD	ENTREZ:5293	Gene
	34772945	DRUGBANK::target::Compound:Gene	CustomDB	Cromoglicic acid	DrugBank:DB01003	Compound	NFKB1	ENTREZ:4790	Gene
	34772945	DRUGBANK::target::Compound:Gene	CustomDB	Cromoglicic acid	DrugBank:DB01003	Compound	GSK3B	ENTREZ:2932	Gene
	34772945	DRUGBANK::target::Compound:Gene	CustomDB	Cromoglicic acid	DrugBank:DB01003	Compound	KRT9	ENTREZ:3856	Gene
	34772945	DRUGBANK::target::Compound:Gene	CustomDB	Cromoglicic acid	DrugBank:DB01003	Compound	KRT1	ENTREZ:3848	Gene
	34772945	DRUGBANK::target::Compound:Gene	CustomDB	Cromoglicic acid	DrugBank:DB01003	Compound	KRT5	ENTREZ:3852	Gene
	35578169	DRUGBANK::target::Compound:Gene	CustomDB	Famotidine	DrugBank:DB00927	Compound	TNF	ENTREZ:7124	Gene
	35578169	DRUGBANK::target::Compound:Gene	CustomDB	Famotidine	DrugBank:DB00927	Compound	IL6	ENTREZ:3569	Gene
	35578169	DRUGBANK::target::Compound:Gene	CustomDB	Famotidine	DrugBank:DB00927	Compound	IL1B	ENTREZ:3553	Gene
	35578169	DRUGBANK::target::Compound:Gene	CustomDB	Famotidine	DrugBank:DB00927	Compound	CXCL1	ENTREZ:2919	Gene
	35578169	DRUGBANK::target::Compound:Gene	CustomDB	Famotidine	DrugBank:DB00927	Compound	CHRNA7	ENTREZ:1139	Gene
	35578169	DRUGBANK::target::Compound:Gene	CustomDB	Famotidine	DrugBank:DB00927	Compound	HRH2	ENTREZ:3274	Gene
	35578169	DRUGBANK::target::Compound:Gene	CustomDB	Famotidine	DrugBank:DB00927	Compound	NFKB1	ENTREZ:4790	Gene
	35578169	DRUGBANK::target::Compound:Gene	CustomDB	Famotidine	DrugBank:DB00927	Compound	ACHE	ENTREZ:43	Gene
		DRUGBANK::target::Compound:Gene	CustomDB	Ketotifen	DrugBank:DB00920	Compound	ACTA2	ENTREZ:59	Gene
		DRUGBANK::target::Compound:Gene	CustomDB	Ketotifen	DrugBank:DB00920	Compound	CNN1	ENTREZ:1264	Gene
		DRUGBANK::target::Compound:Gene	CustomDB	Ketotifen	DrugBank:DB00920	Compound	TAGLN	ENTREZ:6876	Gene
		DRUGBANK::target::Compound:Gene	CustomDB	Ketotifen	DrugBank:DB00920	Compound	TGFB1	ENTREZ:7040	Gene
		DRUGBANK::target::Compound:Gene	CustomDB	Ketotifen	DrugBank:DB00920	Compound	COL1A1	ENTREZ:1277	Gene
		DRUGBANK::target::Compound:Gene	CustomDB	Ketotifen	DrugBank:DB00920	Compound	KITLG	ENTREZ:4254	Gene
		DRUGBANK::target::Compound:Gene	CustomDB	Ketotifen	DrugBank:DB00920	Compound	NLRP3	ENTREZ:114548	Gene
		DRUGBANK::target::Compound:Gene	CustomDB	Ketotifen	DrugBank:DB00920	Compound	CASP1	ENTREZ:834	Gene
		DRUGBANK::target::Compound:Gene	CustomDB	Ketotifen	DrugBank:DB00920	Compound	IL1B	ENTREZ:3553	Gene
		DRUGBANK::target::Compound:Gene	CustomDB	Ketotifen	DrugBank:DB00920	Compound	YAP1	ENTREZ:10413	Gene
		DRUGBANK::target::Compound:Gene	CustomDB	Ketotifen	DrugBank:DB00920	Compound	WWTR1	ENTREZ:25937	Gene
		DRUGBANK::target::Compound:Gene	CustomDB	Ketotifen	DrugBank:DB00920	Compound	SPP1	ENTREZ:6696	Gene
		DRUGBANK::target::Compound:Gene	CustomDB	Ketotifen	DrugBank:DB00920	Compound	CD44	ENTREZ:960	Gene
		DRUGBANK::target::Compound:Gene	CustomDB	Ketotifen	DrugBank:DB00920	Compound	FN1	ENTREZ:2335	Gene
		DRUGBANK::target::Compound:Gene	CustomDB	Ketotifen	DrugBank:DB00920	Compound	ITGA9	ENTREZ:3680	Gene
		DRUGBANK::target::Compound:Gene	CustomDB	Ketotifen	DrugBank:DB00920	Compound	ITGA4	ENTREZ:3676	Gene
		DRUGBANK::target::Compound:Gene	CustomDB	Ketotifen	DrugBank:DB00920	Compound	ITGAV	ENTREZ:3685	Gene
		DRUGBANK::target::Compound:Gene	CustomDB	Ketotifen	DrugBank:DB00920	Compound	ITGB1	ENTREZ:3688	Gene
		DRUGBANK::target::Compound:Gene	CustomDB	Ketotifen	DrugBank:DB00920	Compound	ITGB3	ENTREZ:3690	Gene
		DRUGBANK::target::Compound:Gene	CustomDB	Ketotifen	DrugBank:DB00920	Compound	ITGB5	ENTREZ:3693	Gene
		DRUGBANK::target::Compound:Gene	CustomDB	Cromolyn sodium	DrugBank:DB01003	Compound	FCER1A	ENTREZ:2205	Gene
		DRUGBANK::target::Compound:Gene	CustomDB	Cromolyn sodium	DrugBank:DB01003	Compound	SYK	ENTREZ:6850	Gene
		DRUGBANK::target::Compound:Gene	CustomDB	Cromolyn sodium	DrugBank:DB01003	Compound	LYN	ENTREZ:4067	Gene
		DRUGBANK::target::Compound:Gene	CustomDB	Cromolyn sodium	DrugBank:DB01003	Compound	PLCG1	ENTREZ:5335	Gene
		DRUGBANK::target::Compound:Gene	CustomDB	Cromolyn sodium	DrugBank:DB01003	Compound	ORAI1	ENTREZ:84868	Gene
		DRUGBANK::target::Compound:Gene	CustomDB	Cromolyn sodium	DrugBank:DB01003	Compound	STIM1	ENTREZ:6786	Gene
		DRUGBANK::target::Compound:Gene	CustomDB	Cromolyn sodium	DrugBank:DB01003	Compound	TRPC1	ENTREZ:7220	Gene
		DRUGBANK::target::Compound:Gene	CustomDB	Cromolyn sodium	DrugBank:DB01003	Compound	RAB3A	ENTREZ:5864	Gene
		DRUGBANK::target::Compound:Gene	CustomDB	Cromolyn sodium	DrugBank:DB01003	Compound	TPSAB1	ENTREZ:7177	Gene
		DRUGBANK::target::Compound:Gene	CustomDB	Cromolyn sodium	DrugBank:DB01003	Compound	HDC	ENTREZ:3069	Gene
		DRUGBANK::target::Compound:Gene	CustomDB	Cromolyn sodium	DrugBank:DB01003	Compound	LTC4S	ENTREZ:4056	Gene
		DRUGBANK::target::Compound:Gene	CustomDB	Cromolyn sodium	DrugBank:DB01003	Compound	PTGDS	ENTREZ:5730	Gene
		DRUGBANK::target::Compound:Gene	CustomDB	Cromolyn sodium	DrugBank:DB01003	Compound	SIGLEC6	ENTREZ:89790	Gene
		DRUGBANK::target::Compound:Gene	CustomDB	Cromolyn sodium	DrugBank:DB01003	Compound	SIGLEC8	ENTREZ:27180	Gene
		DRUGBANK::target::Compound:Gene	CustomDB	Cromolyn sodium	DrugBank:DB01003	Compound	CD200R1	ENTREZ:131450	Gene
		DRUGBANK::target::Compound:Gene	CustomDB	Cromolyn sodium	DrugBank:DB01003	Compound	IL4	ENTREZ:3565	Gene
		DRUGBANK::target::Compound:Gene	CustomDB	Cromolyn sodium	DrugBank:DB01003	Compound	IL5	ENTREZ:3567	Gene
		DRUGBANK::target::Compound:Gene	CustomDB	Cromolyn sodium	DrugBank:DB01003	Compound	IL13	ENTREZ:3596	Gene
		DRUGBANK::target::Compound:Gene	CustomDB	Cromolyn sodium	DrugBank:DB01003	Compound	TNF	ENTREZ:7124	Gene
		DRUGBANK::target::Compound:Gene	CustomDB	Cromolyn sodium	DrugBank:DB01003	Compound	MITF	ENTREZ:4286	Gene
		DRUGBANK::target::Compound:Gene	CustomDB	Cromolyn sodium	DrugBank:DB01003	Compound	HINT1	ENTREZ:3251	Gene
		DRUGBANK::target::Compound:Gene	CustomDB	Cromolyn sodium	DrugBank:DB01003	Compound	S100P	ENTREZ:6286	Gene
		DRUGBANK::target::Compound:Gene	CustomDB	Cromolyn sodium	DrugBank:DB01003	Compound	GPR35	ENTREZ:2859	Gene
		DRUGBANK::target::Compound:Gene	CustomDB	Cromolyn sodium	DrugBank:DB01003	Compound	AGER	ENTREZ:177	Gene
		GNBR::T::Compound:Disease	CustomDB	Cromolyn sodium	DrugBank:DB01003	Compound	Bronchial Asthma	MONDO:0004979	Disease
		GNBR::T::Compound:Disease	CustomDB	Cromolyn sodium	DrugBank:DB01003	Compound	Allergic Rhinitis	MONDO:0011786	Disease
		GNBR::T::Compound:Disease	CustomDB	Cromolyn sodium	DrugBank:DB01003	Compound	Allergic Conjunctivitis	MONDO:0005642	Disease
		GNBR::T::Compound:Disease	CustomDB	Cromolyn sodium	DrugBank:DB01003	Compound	Systemic Mastocytosis	MONDO:0016586	Disease
		GNBR::T::Compound:Disease	CustomDB	Cromolyn sodium	DrugBank:DB01003	Compound	Ulcerative Colitis	MONDO:0008903	Disease
		GNBR::T::Compound:Disease	CustomDB	Cromolyn sodium	DrugBank:DB01003	Compound	Pancreatic Ductal Adenocarcinoma	MONDO:0006047	Disease
		GNBR::T::Compound:Disease	CustomDB	Cromolyn sodium	DrugBank:DB01003	Compound	Alzheimer's Disease	MONDO:0004975	Disease