UniprotAC	Symbol	ENSGid	ExpressionDirection	DatasetID	Comparison
P60709	ACTB	ENSG00000075624	Up	Korfei13	IPF_vs_Ctrl
P28838	LAP3	ENSG00000002549	Up	Korfei13	IPF_vs_Ctrl
P62937	PPIA	ENSG00000196262	Up	Korfei13	IPF_vs_Ctrl
Q01469	FABP5	ENSG00000164687	Down	Korfei13	IPF_vs_Ctrl
P60174	TPI1	ENSG00000111669	Up	Korfei13	IPF_vs_Ctrl
P07339	CTSD	ENSG00000117984	Down	Korfei13	IPF_vs_Ctrl
P62736	ACTA2	ENSG00000107796	Up	Korfei13	IPF_vs_Ctrl
P08758	ANXA5	ENSG00000164111	Down	Korfei13	IPF_vs_Ctrl
P00738	HP	ENSG00000257017	Down	Korfei13	IPF_vs_Ctrl
P02792	FTL	ENSG00000087086	Up	Korfei13	IPF_vs_Ctrl
Q06830	PRDX1	ENSG00000117450	Up	Korfei13	IPF_vs_Ctrl
P02647	APOA1	ENSG00000118137	Up	Korfei13	IPF_vs_Ctrl
P31949	S100A11	ENSG00000163191	Down	Korfei13	IPF_vs_Ctrl
P02743	APCS	ENSG00000132703	Down	Korfei13	IPF_vs_Ctrl
P08727	KRT19	ENSG00000171345	Up	Korfei13	IPF_vs_Ctrl
P13745	Gsta1	ENSMUSG00000074183	Down	Korfei13	IPF_vs_Ctrl
Q96IY4	CPB2	ENSG00000080618	Down	Niu17	IPF_vs_Ctrl
P13796	LCP1	ENSG00000136167	Up	Niu17	IPF_vs_Ctrl
P00742	F10	ENSG00000126218	Down	Niu17	IPF_vs_Ctrl
P22891	PROZ	ENSG00000126231	Down	Niu17	IPF_vs_Ctrl
P05546	SERPIND1	ENSG00000099937	Down	Niu17	IPF_vs_Ctrl
P01700	IGLV1-47	ENSG00000211648	Up	Niu17	IPF_vs_Ctrl
A0A075B6K0	IGLV3-16	ENSG00000211665	Up	Niu17	IPF_vs_Ctrl
O75882	ATRN	ENSG00000088812	Down	Niu17	IPF_vs_Ctrl
O14791	APOL1	ENSG00000100342	Down	Niu17	IPF_vs_Ctrl
P18428	LBP	ENSG00000129988	Up	Niu17	IPF_vs_Ctrl
Q96KN2	CNDP1	ENSG00000150656	Down	Niu17	IPF_vs_Ctrl
P19823	ITIH2	ENSG00000151655	Down	Niu17	IPF_vs_Ctrl
P35858	IGFALS	ENSG00000099769	Down	Niu17	IPF_vs_Ctrl
P80108	GPLD1	ENSG00000112293	Down	Niu17	IPF_vs_Ctrl
P02760	AMBP	ENSG00000106927	Down	Niu17	IPF_vs_Ctrl
P06396	GSN	ENSG00000148180	Down	Niu17	IPF_vs_Ctrl
P02750	LRG1	ENSG00000171236	Up	Niu17	IPF_vs_Ctrl
P62937	PPIA	ENSG00000196262	Up	Niu17	IPF_vs_Ctrl
P02774	GC	ENSG00000145321	Down	Niu17	IPF_vs_Ctrl
P17936	IGFBP3	ENSG00000146674	Down	Niu17	IPF_vs_Ctrl
P02775	PPBP	ENSG00000163736	Down	Niu17	IPF_vs_Ctrl
P02748	C9	ENSG00000113600	Up	Niu17	IPF_vs_Ctrl
P10643	C7	ENSG00000112936	Up	Niu17	IPF_vs_Ctrl
P13671	C6	ENSG00000039537	Down	Niu17	IPF_vs_Ctrl
O95445	APOM	ENSG00000204444	Down	Niu17	IPF_vs_Ctrl
P00915	CA1	ENSG00000133742	Up	Niu17	IPF_vs_Ctrl
P00918	CA2	ENSG00000104267	Up	Niu17	IPF_vs_Ctrl
P05543	SERPINA7	ENSG00000123561	Down	Niu17	IPF_vs_Ctrl
P05362	ICAM1	ENSG00000090339	Up	Niu17	IPF_vs_Ctrl
P07195	LDHB	ENSG00000111716	Up	Niu17	IPF_vs_Ctrl
Q6UXB8	PI16	ENSG00000164530	Down	Niu17	IPF_vs_Ctrl
P07360	C8G	ENSG00000176919	Down	Niu17	IPF_vs_Ctrl
P29622	SERPINA4	ENSG00000100665	Down	Niu17	IPF_vs_Ctrl
P68871	HBB	ENSG00000244734	Up	Niu17	IPF_vs_Ctrl
P02042	HBD	ENSG00000223609	Up	Niu17	IPF_vs_Ctrl
Q96PD5	PGLYRP2	ENSG00000161031	Down	Niu17	IPF_vs_Ctrl
P67936	TPM4	ENSG00000167460	Up	Niu17	IPF_vs_Ctrl
P43251	BTD	ENSG00000169814	Down	Niu17	IPF_vs_Ctrl
Q8TD30	GPT2	ENSG00000166123	Down	Niu17	IPF_vs_Ctrl
P27169	PON1	ENSG00000005421	Down	Niu17	IPF_vs_Ctrl
P01854	IGHE	ENSG00000211891	Up	Niu17	IPF_vs_Ctrl
P23083	IGHV1-2	ENSG00000211934	Up	Niu17	IPF_vs_Ctrl
A0A0C4DH38	IGHV5-51	ENSG00000211966	Up	Niu17	IPF_vs_Ctrl
P11597	CETP	ENSG00000087237	Down	Niu17	IPF_vs_Ctrl
P04264	KRT1	ENSG00000167768	Up	Niu17	IPF_vs_Ctrl
P0DJI9	SAA2	ENSG00000134339	Up	Niu17	IPF_vs_Ctrl
P02675	FGB	ENSG00000171564	Up	Niu17	IPF_vs_Ctrl
P02671	FGA	ENSG00000171560	Up	Niu17	IPF_vs_Ctrl
P04180	LCAT	ENSG00000213398	Down	Niu17	IPF_vs_Ctrl
P04040	CAT	ENSG00000121691	Up	Niu17	IPF_vs_Ctrl
P05452	CLEC3B	ENSG00000163815	Down	Niu17	IPF_vs_Ctrl
P12830	CDH1	ENSG00000039068	Down	Niu17	IPF_vs_Ctrl
P03952	KLKB1	ENSG00000164344	Down	Niu17	IPF_vs_Ctrl
P03951	F11	ENSG00000088926	Down	Niu17	IPF_vs_Ctrl
P00734	F2	ENSG00000180210	Down	Niu17	IPF_vs_Ctrl
P00738	HP	ENSG00000257017	Up	Niu17	IPF_vs_Ctrl
P00739	HPR	ENSG00000261701	Down	Niu17	IPF_vs_Ctrl
O75636	FCN3	ENSG00000142748	Down	Niu17	IPF_vs_Ctrl
P02649	APOE	ENSG00000130203	Down	Niu17	IPF_vs_Ctrl
P02654	APOC1	ENSG00000130208	Down	Niu17	IPF_vs_Ctrl
Q9UHG3	PCYOX1	ENSG00000116005	Down	Niu17	IPF_vs_Ctrl
P19827	ITIH1	ENSG00000055957	Down	Niu17	IPF_vs_Ctrl
P51884	LUM	ENSG00000139329	Down	Niu17	IPF_vs_Ctrl
P00747	PLG	ENSG00000122194	Down	Niu17	IPF_vs_Ctrl
P07225	PROS1	ENSG00000184500	Down	Niu17	IPF_vs_Ctrl
P04217	A1BG	ENSG00000121410	Down	Niu17	IPF_vs_Ctrl
P07357	C8A	ENSG00000157131	Down	Niu17	IPF_vs_Ctrl
P07358	C8B	ENSG00000021852	Down	Niu17	IPF_vs_Ctrl
P06276	BCHE	ENSG00000114200	Down	Niu17	IPF_vs_Ctrl
Q16610	ECM1	ENSG00000143369	Down	Niu17	IPF_vs_Ctrl
P02765	AHSG	ENSG00000145192	Down	Niu17	IPF_vs_Ctrl
Q9UGM5	FETUB	ENSG00000090512	Down	Niu17	IPF_vs_Ctrl
P01042	KNG1	ENSG00000113889	Down	Niu17	IPF_vs_Ctrl
Q9NR48	ASH1L	ENSG00000116539	Up	Niu17	IPF_vs_Ctrl
P02741	CRP	ENSG00000132693	Up	Niu17	IPF_vs_Ctrl
P18065	IGFBP2	ENSG00000115457	Up	Niu17	IPF_vs_Ctrl
P30041	PRDX6	ENSG00000117592	Up	Niu17	IPF_vs_Ctrl
P08603	CFH	ENSG00000000971	Down	Niu17	IPF_vs_Ctrl
P05160	F13B	ENSG00000143278	Down	Niu17	IPF_vs_Ctrl
P01833	PIGR	ENSG00000162896	Up	Niu17	IPF_vs_Ctrl
P36955	SERPINF1	ENSG00000132386	Down	Niu17	IPF_vs_Ctrl
P04004	VTN	ENSG00000109072	Down	Niu17	IPF_vs_Ctrl
P02749	APOH	ENSG00000091583	Down	Niu17	IPF_vs_Ctrl
P57087	JAM2	ENSG00000154721	Down	Tian19	IPF_vs_Ctrl
P61960	UFM1	ENSG00000120686	Up	Tian19	IPF_vs_Ctrl
Q96NY7	CLIC6	ENSG00000159212	Up	Tian19	IPF_vs_Ctrl
P16152	CBR1	ENSG00000159228	Up	Tian19	IPF_vs_Ctrl
O95171	SCEL	ENSG00000136155	Down	Tian19	IPF_vs_Ctrl
P48553	TRAPPC10	ENSG00000160218	Down	Tian19	IPF_vs_Ctrl
Q13217	DNAJC3	ENSG00000102580	Up	Tian19	IPF_vs_Ctrl
P10114	RAP2A	ENSG00000125249	Down	Tian19	IPF_vs_Ctrl
P12109	COL6A1	ENSG00000142156	Down	Tian19	IPF_vs_Ctrl
P12110	COL6A2	ENSG00000142173	Down	Tian19	IPF_vs_Ctrl
P02462	COL4A1	ENSG00000187498	Down	Tian19	IPF_vs_Ctrl
Q5KU26	COLEC12	ENSG00000158270	Up	Tian19	IPF_vs_Ctrl
Q7RTP6	MICAL3	ENSG00000243156	Up	Tian19	IPF_vs_Ctrl
P05546	SERPIND1	ENSG00000099937	Down	Tian19	IPF_vs_Ctrl
P62942	FKBP1A	ENSG00000088832	Up	Tian19	IPF_vs_Ctrl
P14174	MIF	ENSG00000240972	Up	Tian19	IPF_vs_Ctrl
P12004	PCNA	ENSG00000132646	Up	Tian19	IPF_vs_Ctrl
Q15555	MAPRE2	ENSG00000166974	Up	Tian19	IPF_vs_Ctrl
O75884	RBBP9	ENSG00000089050	Up	Tian19	IPF_vs_Ctrl
Q10567	AP1B1	ENSG00000100280	Up	Tian19	IPF_vs_Ctrl
P07204	THBD	ENSG00000178726	Down	Tian19	IPF_vs_Ctrl
Q9H0R4	HDHD2	ENSG00000167220	Up	Tian19	IPF_vs_Ctrl
Q8WWX9	SELENOM	ENSG00000198832	Up	Tian19	IPF_vs_Ctrl
P23526	AHCY	ENSG00000101444	Up	Tian19	IPF_vs_Ctrl
P35625	TIMP3	ENSG00000100234	Down	Tian19	IPF_vs_Ctrl
O43776	NARS1	ENSG00000134440	Up	Tian19	IPF_vs_Ctrl
Q9Y3Z3	SAMHD1	ENSG00000101347	Up	Tian19	IPF_vs_Ctrl
Q9BY50	SEC11C	ENSG00000166562	Up	Tian19	IPF_vs_Ctrl
P36952	SERPINB5	ENSG00000206075	Up	Tian19	IPF_vs_Ctrl
P29508	SERPINB3	ENSG00000057149	Up	Tian19	IPF_vs_Ctrl
Q99973	TEP1	ENSG00000129566	Up	Tian19	IPF_vs_Ctrl
P46060	RANGAP1	ENSG00000100401	Up	Tian19	IPF_vs_Ctrl
P27695	APEX1	ENSG00000100823	Up	Tian19	IPF_vs_Ctrl
Q96KP4	CNDP2	ENSG00000133313	Up	Tian19	IPF_vs_Ctrl
O75475	PSIP1	ENSG00000164985	Down	Tian19	IPF_vs_Ctrl
P21399	ACO1	ENSG00000122729	Up	Tian19	IPF_vs_Ctrl
Q01813	PFKP	ENSG00000067057	Up	Tian19	IPF_vs_Ctrl
P11686	SFTPC	ENSG00000168484	Down	Tian19	IPF_vs_Ctrl
Q5JRX3	PITRM1	ENSG00000107959	Up	Tian19	IPF_vs_Ctrl
P52895	AKR1C2	ENSG00000151632	Up	Tian19	IPF_vs_Ctrl
A0A075B6Y9	TRAJ42	ENSG00000211847	Down	Tian19	IPF_vs_Ctrl
Q9NQP4	PFDN4	ENSG00000101132	Up	Tian19	IPF_vs_Ctrl
P48454	PPP3CC	ENSG00000120910	Up	Tian19	IPF_vs_Ctrl
P08842	STS	ENSG00000101846	Up	Tian19	IPF_vs_Ctrl
P07197	NEFM	ENSG00000104722	Up	Tian19	IPF_vs_Ctrl
P30837	ALDH1B1	ENSG00000137124	Up	Tian19	IPF_vs_Ctrl
P10909	CLU	ENSG00000120885	Down	Tian19	IPF_vs_Ctrl
O15230	LAMA5	ENSG00000130702	Down	Tian19	IPF_vs_Ctrl
Q9BTC0	DIDO1	ENSG00000101191	Up	Tian19	IPF_vs_Ctrl
Q15124	PGM5	ENSG00000154330	Up	Tian19	IPF_vs_Ctrl
P30047	GCHFR	ENSG00000137880	Up	Tian19	IPF_vs_Ctrl
P52788	SMS	ENSG00000102172	Up	Tian19	IPF_vs_Ctrl
Q9NRC6	SPTBN5	ENSG00000137877	Down	Tian19	IPF_vs_Ctrl
P50148	GNAQ	ENSG00000156052	Down	Tian19	IPF_vs_Ctrl
Q8NBS9	TXNDC5	ENSG00000239264	Up	Tian19	IPF_vs_Ctrl
Q9P266	JCAD	ENSG00000165757	Down	Tian19	IPF_vs_Ctrl
Q86T13	CLEC14A	ENSG00000176435	Down	Tian19	IPF_vs_Ctrl
P05556	ITGB1	ENSG00000150093	Down	Tian19	IPF_vs_Ctrl
Q96G03	PGM2	ENSG00000169299	Up	Tian19	IPF_vs_Ctrl
P20160	AZU1	ENSG00000172232	Down	Tian19	IPF_vs_Ctrl
P24158	PRTN3	ENSG00000196415	Up	Tian19	IPF_vs_Ctrl
O00757	FBP2	ENSG00000130957	Up	Tian19	IPF_vs_Ctrl
P99999	CYCS	ENSG00000172115	Up	Tian19	IPF_vs_Ctrl
P61086	UBE2K	ENSG00000078140	Up	Tian19	IPF_vs_Ctrl
P06737	PYGL	ENSG00000100504	Up	Tian19	IPF_vs_Ctrl
Q92688	ANP32B	ENSG00000136938	Up	Tian19	IPF_vs_Ctrl
Q9NR45	NANS	ENSG00000095380	Up	Tian19	IPF_vs_Ctrl
Q9BYX2	TBC1D2	ENSG00000095383	Up	Tian19	IPF_vs_Ctrl
Q5VZK9	CARMIL1	ENSG00000079691	Down	Tian19	IPF_vs_Ctrl
P39059	COL15A1	ENSG00000204291	Up	Tian19	IPF_vs_Ctrl
P60468	SEC61B	ENSG00000106803	Up	Tian19	IPF_vs_Ctrl
O75223	GGCT	ENSG00000006625	Up	Tian19	IPF_vs_Ctrl
P55107	GDF10	ENSG00000266524	Down	Tian19	IPF_vs_Ctrl
Q9UK45	LSM7	ENSG00000130332	Up	Tian19	IPF_vs_Ctrl
P60866	RPS20	ENSG00000008988	Up	Tian19	IPF_vs_Ctrl
O95758	PTBP3	ENSG00000119314	Up	Tian19	IPF_vs_Ctrl
P52888	THOP1	ENSG00000172009	Up	Tian19	IPF_vs_Ctrl
P02760	AMBP	ENSG00000106927	Down	Tian19	IPF_vs_Ctrl
P29992	GNA11	ENSG00000088256	Down	Tian19	IPF_vs_Ctrl
P11233	RALA	ENSG00000006451	Down	Tian19	IPF_vs_Ctrl
P80723	BASP1	ENSG00000176788	Up	Tian19	IPF_vs_Ctrl
P13639	EEF2	ENSG00000167658	Up	Tian19	IPF_vs_Ctrl
O94788	ALDH1A2	ENSG00000128918	Up	Tian19	IPF_vs_Ctrl
P26639	TARS1	ENSG00000113407	Up	Tian19	IPF_vs_Ctrl
Q969H8	MYDGF	ENSG00000074842	Up	Tian19	IPF_vs_Ctrl
A0AVT1	UBA6	ENSG00000033178	Up	Tian19	IPF_vs_Ctrl
O60664	PLIN3	ENSG00000105355	Up	Tian19	IPF_vs_Ctrl
P42766	RPL35	ENSG00000136942	Up	Tian19	IPF_vs_Ctrl
P04406	GAPDH	ENSG00000111640	Up	Tian19	IPF_vs_Ctrl
Q9Y3U8	RPL36	ENSG00000130255	Up	Tian19	IPF_vs_Ctrl
P01591	JCHAIN	ENSG00000132465	Up	Tian19	IPF_vs_Ctrl
Q9Y279	VSIG4	ENSG00000155659	Up	Tian19	IPF_vs_Ctrl
Q12849	GRSF1	ENSG00000132463	Up	Tian19	IPF_vs_Ctrl
Q7L9L4	MOB1B	ENSG00000173542	Up	Tian19	IPF_vs_Ctrl
Q9Y2V2	CARHSP1	ENSG00000153048	Down	Tian19	IPF_vs_Ctrl
P12814	ACTN1	ENSG00000072110	Up	Tian19	IPF_vs_Ctrl
Q13938	CAPS	ENSG00000105519	Up	Tian19	IPF_vs_Ctrl
O95858	TSPAN15	ENSG00000099282	Down	Tian19	IPF_vs_Ctrl
P54851	EMP2	ENSG00000213853	Down	Tian19	IPF_vs_Ctrl
P02775	PPBP	ENSG00000163736	Down	Tian19	IPF_vs_Ctrl
Q13838	DDX39B	ENSG00000198563	Up	Tian19	IPF_vs_Ctrl
Q9BRF8	CPPED1	ENSG00000103381	Up	Tian19	IPF_vs_Ctrl
P23284	PPIB	ENSG00000166794	Up	Tian19	IPF_vs_Ctrl
Q9BRQ8	AIFM2	ENSG00000042286	Up	Tian19	IPF_vs_Ctrl
Q15181	PPA1	ENSG00000180817	Up	Tian19	IPF_vs_Ctrl
O95210	STBD1	ENSG00000118804	Up	Tian19	IPF_vs_Ctrl
O95445	APOM	ENSG00000204444	Down	Tian19	IPF_vs_Ctrl
P60174	TPI1	ENSG00000111669	Up	Tian19	IPF_vs_Ctrl
P12429	ANXA3	ENSG00000138772	Down	Tian19	IPF_vs_Ctrl
Q9Y6H1	CHCHD2	ENSG00000106153	Down	Tian19	IPF_vs_Ctrl
P35749	MYH11	ENSG00000133392	Up	Tian19	IPF_vs_Ctrl
P56199	ITGA1	ENSG00000213949	Down	Tian19	IPF_vs_Ctrl
Q9Y333	LSM2	ENSG00000204392	Up	Tian19	IPF_vs_Ctrl
P00558	PGK1	ENSG00000102144	Up	Tian19	IPF_vs_Ctrl
P17301	ITGA2	ENSG00000164171	Down	Tian19	IPF_vs_Ctrl
O96033	MOCS2	ENSG00000164172	Up	Tian19	IPF_vs_Ctrl
P49863	GZMK	ENSG00000113088	Up	Tian19	IPF_vs_Ctrl
Q86VB7	CD163	ENSG00000177575	Up	Tian19	IPF_vs_Ctrl
Q13813	SPTAN1	ENSG00000197694	Down	Tian19	IPF_vs_Ctrl
Q9NVG8	TBC1D13	ENSG00000107021	Down	Tian19	IPF_vs_Ctrl
O15551	CLDN3	ENSG00000165215	Down	Tian19	IPF_vs_Ctrl
P00966	ASS1	ENSG00000130707	Up	Tian19	IPF_vs_Ctrl
Q8IWA5	SLC44A2	ENSG00000129353	Down	Tian19	IPF_vs_Ctrl
P63104	YWHAZ	ENSG00000164924	Up	Tian19	IPF_vs_Ctrl
P52566	ARHGDIB	ENSG00000111348	Up	Tian19	IPF_vs_Ctrl
Q92506	HSD17B8	ENSG00000204228	Up	Tian19	IPF_vs_Ctrl
P62269	RPS18	ENSG00000231500	Up	Tian19	IPF_vs_Ctrl
Q92625	ANKS1A	ENSG00000064999	Down	Tian19	IPF_vs_Ctrl
P48509	CD151	ENSG00000177697	Down	Tian19	IPF_vs_Ctrl
P13686	ACP5	ENSG00000102575	Down	Tian19	IPF_vs_Ctrl
Q13451	FKBP5	ENSG00000096060	Up	Tian19	IPF_vs_Ctrl
P07686	HEXB	ENSG00000049860	Up	Tian19	IPF_vs_Ctrl
Q05707	COL14A1	ENSG00000187955	Up	Tian19	IPF_vs_Ctrl
P05161	ISG15	ENSG00000187608	Up	Tian19	IPF_vs_Ctrl
Q9UHL4	DPP7	ENSG00000176978	Up	Tian19	IPF_vs_Ctrl
O00468	AGRN	ENSG00000188157	Down	Tian19	IPF_vs_Ctrl
Q2TAA2	IAH1	ENSG00000134330	Up	Tian19	IPF_vs_Ctrl
P27348	YWHAQ	ENSG00000134308	Up	Tian19	IPF_vs_Ctrl
P16930	FAH	ENSG00000103876	Up	Tian19	IPF_vs_Ctrl
P37235	HPCAL1	ENSG00000115756	Down	Tian19	IPF_vs_Ctrl
Q15084	PDIA6	ENSG00000143870	Up	Tian19	IPF_vs_Ctrl
Q687X5	STEAP4	ENSG00000127954	Up	Tian19	IPF_vs_Ctrl
Q86SX6	GLRX5	ENSG00000182512	Up	Tian19	IPF_vs_Ctrl
Q12792	TWF1	ENSG00000151239	Up	Tian19	IPF_vs_Ctrl
P08238	HSP90AB1	ENSG00000096384	Up	Tian19	IPF_vs_Ctrl
Q6UWY5	OLFML1	ENSG00000183801	Down	Tian19	IPF_vs_Ctrl
P07900	HSP90AA1	ENSG00000080824	Up	Tian19	IPF_vs_Ctrl
P48735	IDH2	ENSG00000182054	Up	Tian19	IPF_vs_Ctrl
P08263	GSTA1	ENSG00000243955	Up	Tian19	IPF_vs_Ctrl
Q9H8L6	MMRN2	ENSG00000173269	Down	Tian19	IPF_vs_Ctrl
Q5W064	LIPJ	ENSG00000204022	Up	Tian19	IPF_vs_Ctrl
P29692	EEF1D	ENSG00000104529	Up	Tian19	IPF_vs_Ctrl
Q10589	BST2	ENSG00000130303	Down	Tian19	IPF_vs_Ctrl
P35268	RPL22	ENSG00000116251	Up	Tian19	IPF_vs_Ctrl
Q96AG3	SLC25A46	ENSG00000164209	Up	Tian19	IPF_vs_Ctrl
O15061	SYNM	ENSG00000182253	Up	Tian19	IPF_vs_Ctrl
P02753	RBP4	ENSG00000138207	Down	Tian19	IPF_vs_Ctrl
Q96IV0	NGLY1	ENSG00000151092	Up	Tian19	IPF_vs_Ctrl
O00151	PDLIM1	ENSG00000107438	Up	Tian19	IPF_vs_Ctrl
Q99497	PARK7	ENSG00000116288	Up	Tian19	IPF_vs_Ctrl
P06733	ENO1	ENSG00000074800	Up	Tian19	IPF_vs_Ctrl
P13640	MT1G	ENSG00000125144	Up	Tian19	IPF_vs_Ctrl
Q9BX66	SORBS1	ENSG00000095637	Up	Tian19	IPF_vs_Ctrl
P54886	ALDH18A1	ENSG00000059573	Up	Tian19	IPF_vs_Ctrl
P68104	EEF1A1	ENSG00000156508	Up	Tian19	IPF_vs_Ctrl
P52209	PGD	ENSG00000142657	Up	Tian19	IPF_vs_Ctrl
Q99715	COL12A1	ENSG00000111799	Down	Tian19	IPF_vs_Ctrl
Q96M27	PRRC1	ENSG00000164244	Up	Tian19	IPF_vs_Ctrl
P19623	SRM	ENSG00000116649	Up	Tian19	IPF_vs_Ctrl
P62917	RPL8	ENSG00000161016	Up	Tian19	IPF_vs_Ctrl
P13647	KRT5	ENSG00000186081	Up	Tian19	IPF_vs_Ctrl
Q01546	KRT76	ENSG00000185069	Up	Tian19	IPF_vs_Ctrl
P05787	KRT8	ENSG00000170421	Up	Tian19	IPF_vs_Ctrl
P00338	LDHA	ENSG00000134333	Up	Tian19	IPF_vs_Ctrl
Q9NZN3	EHD3	ENSG00000013016	Down	Tian19	IPF_vs_Ctrl
Q92878	RAD50	ENSG00000113522	Up	Tian19	IPF_vs_Ctrl
Q92599	SEPTIN8	ENSG00000164402	Up	Tian19	IPF_vs_Ctrl
P02671	FGA	ENSG00000171560	Down	Tian19	IPF_vs_Ctrl
P02679	FGG	ENSG00000171557	Down	Tian19	IPF_vs_Ctrl
P36405	ARL3	ENSG00000138175	Up	Tian19	IPF_vs_Ctrl
Q16352	INA	ENSG00000148798	Up	Tian19	IPF_vs_Ctrl
Q9BW30	TPPP3	ENSG00000159713	Up	Tian19	IPF_vs_Ctrl
Q8N3C0	ASCC3	ENSG00000112249	Up	Tian19	IPF_vs_Ctrl
Q8WU39	MZB1	ENSG00000170476	Up	Tian19	IPF_vs_Ctrl
P46952	HAAO	ENSG00000162882	Up	Tian19	IPF_vs_Ctrl
Q9H1C7	CYSTM1	ENSG00000120306	Down	Tian19	IPF_vs_Ctrl
Q8WX93	PALLD	ENSG00000129116	Up	Tian19	IPF_vs_Ctrl
P51636	CAV2	ENSG00000105971	Down	Tian19	IPF_vs_Ctrl
Q03135	CAV1	ENSG00000105974	Down	Tian19	IPF_vs_Ctrl
P51674	GPM6A	ENSG00000150625	Down	Tian19	IPF_vs_Ctrl
P04040	CAT	ENSG00000121691	Down	Tian19	IPF_vs_Ctrl
P02745	C1QA	ENSG00000173372	Down	Tian19	IPF_vs_Ctrl
Q8WW59	SPRYD4	ENSG00000176422	Up	Tian19	IPF_vs_Ctrl
Q6NW29	RWDD4	ENSG00000182552	Up	Tian19	IPF_vs_Ctrl
Q9UGP4	LIMD1	ENSG00000144791	Down	Tian19	IPF_vs_Ctrl
Q96A00	PPP1R14A	ENSG00000167641	Up	Tian19	IPF_vs_Ctrl
Q53GG5	PDLIM3	ENSG00000154553	Up	Tian19	IPF_vs_Ctrl
P47929	LGALS7	ENSG00000205076	Up	Tian19	IPF_vs_Ctrl
P47929	LGALS7	ENSG00000205076	Up	Tian19	IPF_vs_Ctrl
P47929	LGALS7B	ENSG00000178934	Up	Tian19	IPF_vs_Ctrl
P47929	LGALS7B	ENSG00000178934	Up	Tian19	IPF_vs_Ctrl
Q9BZZ5	API5	ENSG00000166181	Up	Tian19	IPF_vs_Ctrl
Q96AA8	JAKMIP2	ENSG00000176049	Up	Tian19	IPF_vs_Ctrl
P49588	AARS1	ENSG00000090861	Up	Tian19	IPF_vs_Ctrl
Q14315	FLNC	ENSG00000128591	Up	Tian19	IPF_vs_Ctrl
P27701	CD82	ENSG00000085117	Down	Tian19	IPF_vs_Ctrl
P62249	RPS16	ENSG00000105193	Up	Tian19	IPF_vs_Ctrl
Q05315	CLC	ENSG00000105205	Up	Tian19	IPF_vs_Ctrl
P62263	RPS14	ENSG00000164587	Up	Tian19	IPF_vs_Ctrl
Q9UGM3	DMBT1	ENSG00000187908	Up	Tian19	IPF_vs_Ctrl
Q07960	ARHGAP1	ENSG00000175220	Up	Tian19	IPF_vs_Ctrl
Q9BXM0	PRX	ENSG00000105227	Down	Tian19	IPF_vs_Ctrl
P00738	HP	ENSG00000257017	Down	Tian19	IPF_vs_Ctrl
P31947	SFN	ENSG00000175793	Up	Tian19	IPF_vs_Ctrl
P17900	GM2A	ENSG00000196743	Up	Tian19	IPF_vs_Ctrl
Q05682	CALD1	ENSG00000122786	Up	Tian19	IPF_vs_Ctrl
P11117	ACP2	ENSG00000134575	Up	Tian19	IPF_vs_Ctrl
O75506	HSBP1	ENSG00000230989	Up	Tian19	IPF_vs_Ctrl
P61626	LYZ	ENSG00000090382	Down	Tian19	IPF_vs_Ctrl
Q14019	COTL1	ENSG00000103187	Up	Tian19	IPF_vs_Ctrl
P40925	MDH1	ENSG00000014641	Up	Tian19	IPF_vs_Ctrl
P05413	FABP3	ENSG00000121769	Up	Tian19	IPF_vs_Ctrl
O14933	UBE2L6	ENSG00000156587	Up	Tian19	IPF_vs_Ctrl
P19075	TSPAN8	ENSG00000127324	Down	Tian19	IPF_vs_Ctrl
P13667	PDIA4	ENSG00000155660	Up	Tian19	IPF_vs_Ctrl
P07741	APRT	ENSG00000198931	Up	Tian19	IPF_vs_Ctrl
Q06210	GFPT1	ENSG00000198380	Up	Tian19	IPF_vs_Ctrl
Q9H7C4	SYNC	ENSG00000162520	Up	Tian19	IPF_vs_Ctrl
Q96J01	THOC3	ENSG00000051596	Up	Tian19	IPF_vs_Ctrl
P26373	RPL13	ENSG00000167526	Up	Tian19	IPF_vs_Ctrl
Q9UJ70	NAGK	ENSG00000124357	Up	Tian19	IPF_vs_Ctrl
Q96PE7	MCEE	ENSG00000124370	Up	Tian19	IPF_vs_Ctrl
Q9NR12	PDLIM7	ENSG00000196923	Up	Tian19	IPF_vs_Ctrl
P29401	TKT	ENSG00000163931	Up	Tian19	IPF_vs_Ctrl
Q9NZN4	EHD2	ENSG00000024422	Down	Tian19	IPF_vs_Ctrl
A6NCI8	C2orf78	ENSG00000187833	Down	Tian19	IPF_vs_Ctrl
P18085	ARF4	ENSG00000168374	Up	Tian19	IPF_vs_Ctrl
P02792	FTL	ENSG00000087086	Up	Tian19	IPF_vs_Ctrl
Q6UXG8	BTNL9	ENSG00000165810	Down	Tian19	IPF_vs_Ctrl
Q70UQ0	IKBIP	ENSG00000166130	Up	Tian19	IPF_vs_Ctrl
Q8N699	MYCT1	ENSG00000120279	Down	Tian19	IPF_vs_Ctrl
Q9HAP6	LIN7B	ENSG00000104863	Up	Tian19	IPF_vs_Ctrl
Q09666	AHNAK	ENSG00000124942	Down	Tian19	IPF_vs_Ctrl
P26641	EEF1G	ENSG00000254772	Up	Tian19	IPF_vs_Ctrl
Q32P28	P3H1	ENSG00000117385	Up	Tian19	IPF_vs_Ctrl
Q96D15	RCN3	ENSG00000142552	Up	Tian19	IPF_vs_Ctrl
P00747	PLG	ENSG00000122194	Down	Tian19	IPF_vs_Ctrl
P14625	HSP90B1	ENSG00000166598	Up	Tian19	IPF_vs_Ctrl
Q7Z406	MYH14	ENSG00000105357	Down	Tian19	IPF_vs_Ctrl
P30044	PRDX5	ENSG00000126432	Up	Tian19	IPF_vs_Ctrl
Q4V9L6	TMEM119	ENSG00000183160	Down	Tian19	IPF_vs_Ctrl
Q4L180	FILIP1L	ENSG00000168386	Up	Tian19	IPF_vs_Ctrl
P01614	IGKV2D-40	ENSG00000251039	Up	Tian19	IPF_vs_Ctrl
P62861	FAU	ENSG00000149806	Up	Tian19	IPF_vs_Ctrl
P83731	RPL24	ENSG00000114391	Up	Tian19	IPF_vs_Ctrl
P14550	AKR1A1	ENSG00000117448	Up	Tian19	IPF_vs_Ctrl
P49321	NASP	ENSG00000132780	Up	Tian19	IPF_vs_Ctrl
O60635	TSPAN1	ENSG00000117472	Up	Tian19	IPF_vs_Ctrl
Q08722	CD47	ENSG00000196776	Down	Tian19	IPF_vs_Ctrl
P23528	CFL1	ENSG00000172757	Up	Tian19	IPF_vs_Ctrl
Q9H3H3	C11orf68	ENSG00000175573	Up	Tian19	IPF_vs_Ctrl
P46779	RPL28	ENSG00000108107	Up	Tian19	IPF_vs_Ctrl
O95881	TXNDC12	ENSG00000117862	Up	Tian19	IPF_vs_Ctrl
Q15746	MYLK	ENSG00000065534	Up	Tian19	IPF_vs_Ctrl
P09758	TACSTD2	ENSG00000184292	Down	Tian19	IPF_vs_Ctrl
Q9UJC3	HOOK1	ENSG00000134709	Up	Tian19	IPF_vs_Ctrl
P62633	CNBP	ENSG00000169714	Up	Tian19	IPF_vs_Ctrl
Q9Y678	COPG1	ENSG00000181789	Up	Tian19	IPF_vs_Ctrl
A8TX70	COL6A5	ENSG00000172752	Down	Tian19	IPF_vs_Ctrl
A6NMZ7	COL6A6	ENSG00000206384	Down	Tian19	IPF_vs_Ctrl
Q15363	TMED2	ENSG00000086598	Up	Tian19	IPF_vs_Ctrl
Q9Y5M8	SRPRB	ENSG00000144867	Up	Tian19	IPF_vs_Ctrl
A5A3E0	POTEF	ENSG00000196604	Up	Tian19	IPF_vs_Ctrl
P50454	SERPINH1	ENSG00000149257	Up	Tian19	IPF_vs_Ctrl
Q14651	PLS1	ENSG00000120756	Up	Tian19	IPF_vs_Ctrl
P50135	HNMT	ENSG00000150540	Up	Tian19	IPF_vs_Ctrl
Q9NRN5	OLFML3	ENSG00000116774	Down	Tian19	IPF_vs_Ctrl
Q01118	SCN7A	ENSG00000136546	Down	Tian19	IPF_vs_Ctrl
P40261	NNMT	ENSG00000166741	Up	Tian19	IPF_vs_Ctrl
P06727	APOA4	ENSG00000110244	Down	Tian19	IPF_vs_Ctrl
Q16610	ECM1	ENSG00000143369	Down	Tian19	IPF_vs_Ctrl
Q9UGM5	FETUB	ENSG00000090512	Down	Tian19	IPF_vs_Ctrl
Q14240	EIF4A2	ENSG00000156976	Up	Tian19	IPF_vs_Ctrl
P62851	RPS25	ENSG00000118181	Up	Tian19	IPF_vs_Ctrl
Q9BYD2	MRPL9	ENSG00000143436	Up	Tian19	IPF_vs_Ctrl
Q9Y4L1	HYOU1	ENSG00000149428	Up	Tian19	IPF_vs_Ctrl
P60903	S100A10	ENSG00000197747	Down	Tian19	IPF_vs_Ctrl
P29034	S100A2	ENSG00000196754	Up	Tian19	IPF_vs_Ctrl
Q9H4B0	OSGEPL1	ENSG00000128694	Up	Tian19	IPF_vs_Ctrl
P42677	RPS27	ENSG00000177954	Up	Tian19	IPF_vs_Ctrl
Q9HAT2	SIAE	ENSG00000110013	Up	Tian19	IPF_vs_Ctrl
Q96AP7	ESAM	ENSG00000149564	Down	Tian19	IPF_vs_Ctrl
P46977	STT3A	ENSG00000134910	Up	Tian19	IPF_vs_Ctrl
P08240	SRPRA	ENSG00000182934	Up	Tian19	IPF_vs_Ctrl
Q9NRR5	UBQLN4	ENSG00000160803	Up	Tian19	IPF_vs_Ctrl
Q9BX67	JAM3	ENSG00000166086	Down	Tian19	IPF_vs_Ctrl
Q9UKU7	ACAD8	ENSG00000151498	Up	Tian19	IPF_vs_Ctrl
P29373	CRABP2	ENSG00000143320	Up	Tian19	IPF_vs_Ctrl
Q96J84	KIRREL1	ENSG00000183853	Up	Tian19	IPF_vs_Ctrl
P02743	APCS	ENSG00000132703	Down	Tian19	IPF_vs_Ctrl
P02741	CRP	ENSG00000132693	Up	Tian19	IPF_vs_Ctrl
Q9BVJ7	DUSP23	ENSG00000158716	Up	Tian19	IPF_vs_Ctrl
P50336	PPOX	ENSG00000143224	Up	Tian19	IPF_vs_Ctrl
P31939	ATIC	ENSG00000138363	Up	Tian19	IPF_vs_Ctrl
P61513	RPL37A	ENSG00000197756	Up	Tian19	IPF_vs_Ctrl
P11047	LAMC1	ENSG00000135862	Down	Tian19	IPF_vs_Ctrl
Q13753	LAMC2	ENSG00000058085	Down	Tian19	IPF_vs_Ctrl
Q96IJ6	GMPPA	ENSG00000144591	Up	Tian19	IPF_vs_Ctrl
Q03591	CFHR1	ENSG00000244414	Down	Tian19	IPF_vs_Ctrl
P29536	LMOD1	ENSG00000163431	Up	Tian19	IPF_vs_Ctrl
P12111	COL6A3	ENSG00000163359	Down	Tian19	IPF_vs_Ctrl
P01833	PIGR	ENSG00000162896	Up	Tian19	IPF_vs_Ctrl
P04003	C4BPA	ENSG00000123838	Down	Tian19	IPF_vs_Ctrl
P15529	CD46	ENSG00000117335	Down	Tian19	IPF_vs_Ctrl
P28906	CD34	ENSG00000174059	Down	Tian19	IPF_vs_Ctrl
Q92604	LPGAT1	ENSG00000123684	Up	Tian19	IPF_vs_Ctrl
O95861	BPNT1	ENSG00000162813	Up	Tian19	IPF_vs_Ctrl
Q5VW32	BROX	ENSG00000162819	Up	Tian19	IPF_vs_Ctrl
P84243	H3-3A	ENSG00000163041	Down	Tian19	IPF_vs_Ctrl
P84243	H3-3A	ENSG00000163041	Down	Tian19	IPF_vs_Ctrl
Q9H3P7	ACBD3	ENSG00000182827	Up	Tian19	IPF_vs_Ctrl
Q9H9V9	JMJD4	ENSG00000081692	Up	Tian19	IPF_vs_Ctrl
P14543	NID1	ENSG00000116962	Down	Tian19	IPF_vs_Ctrl
Q6DKJ4	NXN	ENSG00000167693	Up	Tian19	IPF_vs_Ctrl
O00159	MYO1C	ENSG00000197879	Down	Tian19	IPF_vs_Ctrl
O14939	PLD2	ENSG00000129219	Down	Tian19	IPF_vs_Ctrl
P07737	PFN1	ENSG00000108518	Up	Tian19	IPF_vs_Ctrl
Q9BRA2	TXNDC17	ENSG00000129235	Up	Tian19	IPF_vs_Ctrl
P61254	RPL26	ENSG00000161970	Up	Tian19	IPF_vs_Ctrl
P35580	MYH10	ENSG00000133026	Down	Tian19	IPF_vs_Ctrl
Q8NFG4	FLCN	ENSG00000154803	Down	Tian19	IPF_vs_Ctrl
Q99456	KRT12	ENSG00000187242	Up	Tian19	IPF_vs_Ctrl
P19012	KRT15	ENSG00000171346	Up	Tian19	IPF_vs_Ctrl
P08727	KRT19	ENSG00000171345	Up	Tian19	IPF_vs_Ctrl
Q04695	KRT17	ENSG00000128422	Up	Tian19	IPF_vs_Ctrl
Q6NZI2	CAVIN1	ENSG00000177469	Down	Tian19	IPF_vs_Ctrl
Q16853	AOC3	ENSG00000131471	Down	Tian19	IPF_vs_Ctrl
P28799	GRN	ENSG00000030582	Down	Tian19	IPF_vs_Ctrl
P08514	ITGA2B	ENSG00000005961	Down	Tian19	IPF_vs_Ctrl
Q96H20	SNF8	ENSG00000159210	Up	Tian19	IPF_vs_Ctrl
Q96AG4	LRRC59	ENSG00000108829	Up	Tian19	IPF_vs_Ctrl
P15531	NME1	ENSG00000239672	Up	Tian19	IPF_vs_Ctrl
P22748	CA4	ENSG00000167434	Down	Tian19	IPF_vs_Ctrl
P12821	ACE	ENSG00000159640	Down	Tian19	IPF_vs_Ctrl
P02749	APOH	ENSG00000091583	Down	Tian19	IPF_vs_Ctrl
Q9UK76	JPT1	ENSG00000189159	Up	Tian19	IPF_vs_Ctrl
P84243	H3-3B	ENSG00000132475	Down	Tian19	IPF_vs_Ctrl
P84243	H3-3B	ENSG00000132475	Down	Tian19	IPF_vs_Ctrl
P36888	FLT3	ENSG00000122025	Up	ODwyer17	IPF_vs_Ctrl
P09429	HMGB1	ENSG00000189403	Down	ODwyer17	IPF_vs_Ctrl
P61960	UFM1	ENSG00000120686	Down	ODwyer17	IPF_vs_Ctrl
Q07654	TFF3	ENSG00000160180	Down	ODwyer17	IPF_vs_Ctrl
O75144	ICOSLG	ENSG00000160223	Down	ODwyer17	IPF_vs_Ctrl
Q9Y275	TNFSF13B	ENSG00000102524	Up	ODwyer17	IPF_vs_Ctrl
P07947	YES1	ENSG00000176105	Down	ODwyer17	IPF_vs_Ctrl
P01034	CST3	ENSG00000101439	Down	ODwyer17	IPF_vs_Ctrl
P02144	MB	ENSG00000198125	Down	ODwyer17	IPF_vs_Ctrl
P43026	GDF5	ENSG00000125965	Down	ODwyer17	IPF_vs_Ctrl
Q14498	RBM39	ENSG00000131051	Down	ODwyer17	IPF_vs_Ctrl
P12931	SRC	ENSG00000197122	Up	ODwyer17	IPF_vs_Ctrl
P18428	LBP	ENSG00000129988	Down	ODwyer17	IPF_vs_Ctrl
P11387	TOP1	ENSG00000198900	Down	ODwyer17	IPF_vs_Ctrl
P19957	PI3	ENSG00000124102	Down	ODwyer17	IPF_vs_Ctrl
P12956	XRCC6	ENSG00000196419	Down	ODwyer17	IPF_vs_Ctrl
Q96KN2	CNDP1	ENSG00000150656	Up	ODwyer17	IPF_vs_Ctrl
P07858	CTSB	ENSG00000164733	Up	ODwyer17	IPF_vs_Ctrl
P14780	MMP9	ENSG00000100985	Down	ODwyer17	IPF_vs_Ctrl
P18031	PTPN1	ENSG00000196396	Down	ODwyer17	IPF_vs_Ctrl
P13497	BMP1	ENSG00000168487	Up	ODwyer17	IPF_vs_Ctrl
P26951	IL3RA	ENSG00000185291	Up	ODwyer17	IPF_vs_Ctrl
P07996	THBS1	ENSG00000137801	Up	ODwyer17	IPF_vs_Ctrl
Q9NQU5	PAK6	ENSG00000137843	Up	ODwyer17	IPF_vs_Ctrl
P63000	RAC1	ENSG00000136238	Up	ODwyer17	IPF_vs_Ctrl
P04083	ANXA1	ENSG00000135046	Down	ODwyer17	IPF_vs_Ctrl
P63279	UBE2I	ENSG00000103275	Down	ODwyer17	IPF_vs_Ctrl
P23946	CMA1	ENSG00000092009	Down	ODwyer17	IPF_vs_Ctrl
P24158	PRTN3	ENSG00000196415	Down	ODwyer17	IPF_vs_Ctrl
P22626	HNRNPA2B1	ENSG00000122566	Down	ODwyer17	IPF_vs_Ctrl
P16403	H1-2	ENSG00000187837	Down	ODwyer17	IPF_vs_Ctrl
P42680	TEC	ENSG00000135605	Up	ODwyer17	IPF_vs_Ctrl
O43765	SGTA	ENSG00000104969	Up	ODwyer17	IPF_vs_Ctrl
P25787	PSMA2	ENSG00000106588	Down	ODwyer17	IPF_vs_Ctrl
P36507	MAP2K2	ENSG00000126934	Down	ODwyer17	IPF_vs_Ctrl
P01031	C5	ENSG00000106804	Up	ODwyer17	IPF_vs_Ctrl
Q99714	HSD17B10	ENSG00000072506	Up	ODwyer17	IPF_vs_Ctrl
P30519	HMOX2	ENSG00000103415	Down	ODwyer17	IPF_vs_Ctrl
Q7Z4V5	HDGFL2	ENSG00000167674	Down	ODwyer17	IPF_vs_Ctrl
Q13554	CAMK2B	ENSG00000058404	Down	ODwyer17	IPF_vs_Ctrl
Q8IVD9	NUDCD3	ENSG00000015676	Down	ODwyer17	IPF_vs_Ctrl
P04406	GAPDH	ENSG00000111640	Up	ODwyer17	IPF_vs_Ctrl
P26038	MSN	ENSG00000147065	Down	ODwyer17	IPF_vs_Ctrl
P07355	ANXA2	ENSG00000182718	Down	ODwyer17	IPF_vs_Ctrl
P08833	IGFBP1	ENSG00000146678	Down	ODwyer17	IPF_vs_Ctrl
P31785	IL2RG	ENSG00000147168	Up	ODwyer17	IPF_vs_Ctrl
P43652	AFM	ENSG00000079557	Up	ODwyer17	IPF_vs_Ctrl
P10145	CXCL8	ENSG00000169429	Down	ODwyer17	IPF_vs_Ctrl
P15514	AREG	ENSG00000109321	Up	ODwyer17	IPF_vs_Ctrl
O43557	TNFSF14	ENSG00000125735	Down	ODwyer17	IPF_vs_Ctrl
P01024	C3	ENSG00000125730	Down	ODwyer17	IPF_vs_Ctrl
Q9UIK4	DAPK2	ENSG00000035664	Down	ODwyer17	IPF_vs_Ctrl
P55008	AIF1	ENSG00000204472	Down	ODwyer17	IPF_vs_Ctrl
O14625	CXCL11	ENSG00000169248	Down	ODwyer17	IPF_vs_Ctrl
P80188	LCN2	ENSG00000148346	Down	ODwyer17	IPF_vs_Ctrl
P10912	GHR	ENSG00000112964	Up	ODwyer17	IPF_vs_Ctrl
Q8N1Q1	CA13	ENSG00000185015	Up	ODwyer17	IPF_vs_Ctrl
P07451	CA3	ENSG00000164879	Down	ODwyer17	IPF_vs_Ctrl
Q9HD89	RETN	ENSG00000104918	Down	ODwyer17	IPF_vs_Ctrl
P29350	PTPN6	ENSG00000111679	Down	ODwyer17	IPF_vs_Ctrl
O00299	CLIC1	ENSG00000213719	Up	ODwyer17	IPF_vs_Ctrl
Q02750	MAP2K1	ENSG00000169032	Down	ODwyer17	IPF_vs_Ctrl
Q9Y3A5	SBDS	ENSG00000126524	Up	ODwyer17	IPF_vs_Ctrl
Q06187	BTK	ENSG00000010671	Up	ODwyer17	IPF_vs_Ctrl
P0C0L5	C4B	ENSG00000224389	Down	ODwyer17	IPF_vs_Ctrl
Q9UMF0	ICAM5	ENSG00000105376	Up	ODwyer17	IPF_vs_Ctrl
P78380	OLR1	ENSG00000173391	Down	ODwyer17	IPF_vs_Ctrl
P14618	PKM	ENSG00000067225	Up	ODwyer17	IPF_vs_Ctrl
P46527	CDKN1B	ENSG00000111276	Down	ODwyer17	IPF_vs_Ctrl
P05771	PRKCB	ENSG00000166501	Up	ODwyer17	IPF_vs_Ctrl
P41240	CSK	ENSG00000103653	Up	ODwyer17	IPF_vs_Ctrl
P16435	POR	ENSG00000127948	Down	ODwyer17	IPF_vs_Ctrl
O00602	FCN1	ENSG00000085265	Down	ODwyer17	IPF_vs_Ctrl
P13686	ACP5	ENSG00000102575	Up	ODwyer17	IPF_vs_Ctrl
O15264	MAPK13	ENSG00000156711	Down	ODwyer17	IPF_vs_Ctrl
P62081	RPS7	ENSG00000171863	Down	ODwyer17	IPF_vs_Ctrl
P0C0S5	H2AZ1	ENSG00000164032	Down	ODwyer17	IPF_vs_Ctrl
Q14005	IL16	ENSG00000172349	Down	ODwyer17	IPF_vs_Ctrl
P05154	SERPINA5	ENSG00000188488	Up	ODwyer17	IPF_vs_Ctrl
P01011	SERPINA3	ENSG00000196136	Down	ODwyer17	IPF_vs_Ctrl
Q05397	PTK2	ENSG00000169398	Down	ODwyer17	IPF_vs_Ctrl
P35247	SFTPD	ENSG00000133661	Down	ODwyer17	IPF_vs_Ctrl
P55010	EIF5	ENSG00000100664	Down	ODwyer17	IPF_vs_Ctrl
P20810	CAST	ENSG00000153113	Down	ODwyer17	IPF_vs_Ctrl
Q13557	CAMK2D	ENSG00000145349	Down	ODwyer17	IPF_vs_Ctrl
O76074	PDE5A	ENSG00000138735	Up	ODwyer17	IPF_vs_Ctrl
Q99497	PARK7	ENSG00000116288	Down	ODwyer17	IPF_vs_Ctrl
P23280	CA6	ENSG00000131686	Up	ODwyer17	IPF_vs_Ctrl
P60568	IL2	ENSG00000109471	Down	ODwyer17	IPF_vs_Ctrl
P18669	PGAM1	ENSG00000171314	Down	ODwyer17	IPF_vs_Ctrl
P17174	GOT1	ENSG00000120053	Down	ODwyer17	IPF_vs_Ctrl
P0DJI8	SAA1	ENSG00000173432	Down	ODwyer17	IPF_vs_Ctrl
P08700	IL3	ENSG00000164399	Down	ODwyer17	IPF_vs_Ctrl
P20333	TNFRSF1B	ENSG00000028137	Down	ODwyer17	IPF_vs_Ctrl
Q99471	PFDN5	ENSG00000123349	Down	ODwyer17	IPF_vs_Ctrl
P06744	GPI	ENSG00000105220	Down	ODwyer17	IPF_vs_Ctrl
O60506	SYNCRIP	ENSG00000135316	Down	ODwyer17	IPF_vs_Ctrl
P43490	NAMPT	ENSG00000105835	Down	ODwyer17	IPF_vs_Ctrl
P29317	EPHA2	ENSG00000142627	Down	ODwyer17	IPF_vs_Ctrl
O43488	AKR7A2	ENSG00000053371	Up	ODwyer17	IPF_vs_Ctrl
O95390	GDF11	ENSG00000135414	Up	ODwyer17	IPF_vs_Ctrl
Q08752	PPID	ENSG00000171497	Up	ODwyer17	IPF_vs_Ctrl
P14555	PLA2G2A	ENSG00000188257	Down	ODwyer17	IPF_vs_Ctrl
Q13765	NACA	ENSG00000196531	Up	ODwyer17	IPF_vs_Ctrl
P06241	FYN	ENSG00000010810	Down	ODwyer17	IPF_vs_Ctrl
P02788	LTF	ENSG00000012223	Down	ODwyer17	IPF_vs_Ctrl
P62979	RPS27A	ENSG00000143947	Down	ODwyer17	IPF_vs_Ctrl
Q08945	SSRP1	ENSG00000149136	Down	ODwyer17	IPF_vs_Ctrl
P05155	SERPING1	ENSG00000149131	Down	ODwyer17	IPF_vs_Ctrl
Q03154	ACY1	ENSG00000243989	Up	ODwyer17	IPF_vs_Ctrl
O75594	PGLYRP1	ENSG00000008438	Down	ODwyer17	IPF_vs_Ctrl
Q99729	HNRNPAB	ENSG00000197451	Down	ODwyer17	IPF_vs_Ctrl
P54920	NAPA	ENSG00000105402	Up	ODwyer17	IPF_vs_Ctrl
P50579	METAP2	ENSG00000111142	Up	ODwyer17	IPF_vs_Ctrl
P62306	SNRPF	ENSG00000139343	Down	ODwyer17	IPF_vs_Ctrl
P40121	CAPG	ENSG00000042493	Down	ODwyer17	IPF_vs_Ctrl
Q08ET2	SIGLEC14	ENSG00000254415	Down	ODwyer17	IPF_vs_Ctrl
P14550	AKR1A1	ENSG00000117448	Down	ODwyer17	IPF_vs_Ctrl
P23528	CFL1	ENSG00000172757	Down	ODwyer17	IPF_vs_Ctrl
Q06124	PTPN11	ENSG00000179295	Down	ODwyer17	IPF_vs_Ctrl
Q99706	KIR2DL4	ENSG00000189013	Down	ODwyer17	IPF_vs_Ctrl
P30086	PEBP1	ENSG00000089220	Down	ODwyer17	IPF_vs_Ctrl
O00170	AIP	ENSG00000110711	Up	ODwyer17	IPF_vs_Ctrl
P09211	GSTP1	ENSG00000084207	Down	ODwyer17	IPF_vs_Ctrl
O95219	SNX4	ENSG00000114520	Up	ODwyer17	IPF_vs_Ctrl
P62826	RAN	ENSG00000132341	Up	ODwyer17	IPF_vs_Ctrl
P0CG37	CFC1	ENSG00000136698	Down	ODwyer17	IPF_vs_Ctrl
P13726	F3	ENSG00000117525	Down	ODwyer17	IPF_vs_Ctrl
P09603	CSF1	ENSG00000184371	Down	ODwyer17	IPF_vs_Ctrl
P09237	MMP7	ENSG00000137673	Up	ODwyer17	IPF_vs_Ctrl
P03956	MMP1	ENSG00000196611	Up	ODwyer17	IPF_vs_Ctrl
P02647	APOA1	ENSG00000118137	Up	ODwyer17	IPF_vs_Ctrl
Q16549	PCSK7	ENSG00000160613	Up	ODwyer17	IPF_vs_Ctrl
Q9HCR9	PDE11A	ENSG00000128655	Up	ODwyer17	IPF_vs_Ctrl
P06702	S100A9	ENSG00000163220	Down	ODwyer17	IPF_vs_Ctrl
P29353	SHC1	ENSG00000160691	Down	ODwyer17	IPF_vs_Ctrl
P02741	CRP	ENSG00000132693	Down	ODwyer17	IPF_vs_Ctrl
Q16832	DDR2	ENSG00000162733	Down	ODwyer17	IPF_vs_Ctrl
P02751	FN1	ENSG00000115414	Up	ODwyer17	IPF_vs_Ctrl
P12259	F5	ENSG00000198734	Up	ODwyer17	IPF_vs_Ctrl
P16109	SELP	ENSG00000174175	Up	ODwyer17	IPF_vs_Ctrl
P18065	IGFBP2	ENSG00000115457	Down	ODwyer17	IPF_vs_Ctrl
P35354	PTGS2	ENSG00000073756	Down	ODwyer17	IPF_vs_Ctrl
P49137	MAPKAPK2	ENSG00000162889	Up	ODwyer17	IPF_vs_Ctrl
Q9UHD0	IL19	ENSG00000142224	Up	ODwyer17	IPF_vs_Ctrl
Q14162	SCARF1	ENSG00000074660	Down	ODwyer17	IPF_vs_Ctrl
Q8N5S9	CAMKK1	ENSG00000004660	Up	ODwyer17	IPF_vs_Ctrl
P63241	EIF5A	ENSG00000132507	Down	ODwyer17	IPF_vs_Ctrl
P45985	MAP2K4	ENSG00000065559	Up	ODwyer17	IPF_vs_Ctrl
P55773	CCL23	ENSG00000274736	Down	ODwyer17	IPF_vs_Ctrl
P14061	HSD17B1	ENSG00000108786	Down	ODwyer17	IPF_vs_Ctrl
P05164	MPO	ENSG00000005381	Down	ODwyer17	IPF_vs_Ctrl
P17252	PRKCA	ENSG00000154229	Up	ODwyer17	IPF_vs_Ctrl
P52292	KPNA2	ENSG00000182481	Down	ODwyer17	IPF_vs_Ctrl
Q9NYA1	SPHK1	ENSG00000176170	Up	ODwyer17	IPF_vs_Ctrl
Q92598	HSPH1	ENSG00000120694	Down	Saraswat20	IPF_vs_Ctrl
Q96IY4	CPB2	ENSG00000080618	Down	Saraswat20	IPF_vs_Ctrl
P00742	F10	ENSG00000126218	Down	Saraswat20	IPF_vs_Ctrl
P05546	SERPIND1	ENSG00000099937	Down	Saraswat20	IPF_vs_Ctrl
O75882	ATRN	ENSG00000088812	Down	Saraswat20	IPF_vs_Ctrl
P02766	TTR	ENSG00000118271	Down	Saraswat20	IPF_vs_Ctrl
O60870	KIN	ENSG00000151657	Down	Saraswat20	IPF_vs_Ctrl
P48426	PIP4K2A	ENSG00000150867	Up	Saraswat20	IPF_vs_Ctrl
P18206	VCL	ENSG00000035403	Down	Saraswat20	IPF_vs_Ctrl
P0C0L5	C4B	ENSG00000224389	Down	Saraswat20	IPF_vs_Ctrl
P05543	SERPINA7	ENSG00000123561	Down	Saraswat20	IPF_vs_Ctrl
Q14141	SEPTIN6	ENSG00000125354	Up	Saraswat20	IPF_vs_Ctrl
P41222	PTGDS	ENSG00000107317	Down	Saraswat20	IPF_vs_Ctrl
P08185	SERPINA6	ENSG00000170099	Down	Saraswat20	IPF_vs_Ctrl
Q9BYG8	GSDMC	ENSG00000147697	Down	Saraswat20	IPF_vs_Ctrl
O60308	CEP104	ENSG00000116198	Down	Saraswat20	IPF_vs_Ctrl
Q9NTM9	CUTC	ENSG00000119929	Up	Saraswat20	IPF_vs_Ctrl
P15169	CPN1	ENSG00000120054	Down	Saraswat20	IPF_vs_Ctrl
P60660	MYL6	ENSG00000092841	Down	Saraswat20	IPF_vs_Ctrl
Q8N9V7	TOPAZ1	ENSG00000173769	Up	Saraswat20	IPF_vs_Ctrl
P22352	GPX3	ENSG00000211445	Down	Saraswat20	IPF_vs_Ctrl
P00739	HPR	ENSG00000261701	Down	Saraswat20	IPF_vs_Ctrl
Q14244	MAP7	ENSG00000135525	Up	Saraswat20	IPF_vs_Ctrl
Q8N1N0	CLEC4F	ENSG00000152672	Down	Saraswat20	IPF_vs_Ctrl
Q3KQU3	MAP7D1	ENSG00000116871	Up	Saraswat20	IPF_vs_Ctrl
Q9NRY4	ARHGAP35	ENSG00000160007	Down	Saraswat20	IPF_vs_Ctrl
P06276	BCHE	ENSG00000114200	Down	Saraswat20	IPF_vs_Ctrl
P22792	CPN2	ENSG00000178772	Down	Saraswat20	IPF_vs_Ctrl
O43866	CD5L	ENSG00000073754	Down	Saraswat20	IPF_vs_Ctrl
Q9BXR6	CFHR5	ENSG00000134389	Down	Saraswat20	IPF_vs_Ctrl
P05067	APP	ENSG00000142192	Up	Todd19	IPF_vs_Ctrl
P04155	TFF1	ENSG00000160182	Down	Todd19	IPF_vs_Ctrl
P35625	TIMP3	ENSG00000100234	Up	Todd19	IPF_vs_Ctrl
P01127	PDGFB	ENSG00000100311	Up	Todd19	IPF_vs_Ctrl
P17213	BPI	ENSG00000101425	Up	Todd19	IPF_vs_Ctrl
P30566	ADSL	ENSG00000239900	Down	Todd19	IPF_vs_Ctrl
P14780	MMP9	ENSG00000100985	Up	Todd19	IPF_vs_Ctrl
P04085	PDGFA	ENSG00000197461	Up	Todd19	IPF_vs_Ctrl
P07996	THBS1	ENSG00000137801	Up	Todd19	IPF_vs_Ctrl
P22626	HNRNPA2B1	ENSG00000122566	Up	Todd19	IPF_vs_Ctrl
P16403	H1-2	ENSG00000187837	Up	Todd19	IPF_vs_Ctrl
P04275	VWF	ENSG00000110799	Up	Todd19	IPF_vs_Ctrl
P02776	PF4	ENSG00000163737	Up	Todd19	IPF_vs_Ctrl
P02775	PPBP	ENSG00000163736	Up	Todd19	IPF_vs_Ctrl
P15498	VAV1	ENSG00000141968	Up	Todd19	IPF_vs_Ctrl
O43927	CXCL13	ENSG00000156234	Up	Todd19	IPF_vs_Ctrl
Q9UMF0	ICAM5	ENSG00000105376	Up	Todd19	IPF_vs_Ctrl
Q15109	AGER	ENSG00000204305	Down	Todd19	IPF_vs_Ctrl
P78380	OLR1	ENSG00000173391	Up	Todd19	IPF_vs_Ctrl
P04792	HSPB1	ENSG00000106211	Down	Todd19	IPF_vs_Ctrl
P17612	PRKACA	ENSG00000072062	Down	Todd19	IPF_vs_Ctrl
P35247	SFTPD	ENSG00000133661	Up	Todd19	IPF_vs_Ctrl
Q99988	GDF15	ENSG00000130513	Up	Todd19	IPF_vs_Ctrl
P21695	GPD1	ENSG00000167588	Up	Todd19	IPF_vs_Ctrl
P23280	CA6	ENSG00000131686	Down	Todd19	IPF_vs_Ctrl
O00626	CCL22	ENSG00000102962	Up	Todd19	IPF_vs_Ctrl
Q92583	CCL17	ENSG00000102970	Up	Todd19	IPF_vs_Ctrl
P52209	PGD	ENSG00000142657	Up	Todd19	IPF_vs_Ctrl
P18669	PGAM1	ENSG00000171314	Up	Todd19	IPF_vs_Ctrl
P08133	ANXA6	ENSG00000197043	Up	Todd19	IPF_vs_Ctrl
P09486	SPARC	ENSG00000113140	Up	Todd19	IPF_vs_Ctrl
Q15465	SHH	ENSG00000164690	Down	Todd19	IPF_vs_Ctrl
P52789	HK2	ENSG00000159399	Up	Todd19	IPF_vs_Ctrl
P40121	CAPG	ENSG00000042493	Up	Todd19	IPF_vs_Ctrl
P03956	MMP1	ENSG00000196611	Up	Todd19	IPF_vs_Ctrl
P08254	MMP3	ENSG00000149968	Down	Todd19	IPF_vs_Ctrl
P06702	S100A9	ENSG00000163220	Up	Todd19	IPF_vs_Ctrl
P06703	S100A6	ENSG00000197956	Up	Todd19	IPF_vs_Ctrl
P02751	FN1	ENSG00000115414	Up	Todd19	IPF_vs_Ctrl
P13501	CCL5	ENSG00000271503	Up	Todd19	IPF_vs_Ctrl
P55774	CCL18	ENSG00000275385	Up	Todd19	IPF_vs_Ctrl
P17252	PRKCA	ENSG00000154229	Down	Todd19	IPF_vs_Ctrl
P02775	PPBP	ENSG00000163736	Up	Moodley19	IPF_vs_Ctrl
Q16610	ECM1	ENSG00000143369	Down	Moodley19	IPF_vs_Ctrl
P02751	FN1	ENSG00000115414	Down	Moodley19	IPF_vs_Ctrl
P01008	SERPINC1	ENSG00000117601	Down	Moodley19	IPF_vs_Ctrl
P63261	ACTG1	ENSG00000184009	Down	Moodley19	IPF_vs_Ctrl
P13796	LCP1	ENSG00000136167	Down	Korfei11	IPF_vs_Ctrl
Q96KP4	CNDP2	ENSG00000133313	Down	Korfei11	IPF_vs_Ctrl
Q13510	ASAH1	ENSG00000104763	Down	Korfei11	IPF_vs_Ctrl
P55072	VCP	ENSG00000165280	Up	Korfei11	IPF_vs_Ctrl
P07951	TPM2	ENSG00000198467	Up	Korfei11	IPF_vs_Ctrl
Q16555	DPYSL2	ENSG00000092964	Down	Korfei11	IPF_vs_Ctrl
Q9C0A1	ZFHX2	ENSG00000136367	Up	Korfei11	IPF_vs_Ctrl
P08670	VIM	ENSG00000026025	Up	Korfei11	IPF_vs_Ctrl
P60709	ACTB	ENSG00000075624	Up	Korfei11	IPF_vs_Ctrl
Q16658	FSCN1	ENSG00000075618	Up	Korfei11	IPF_vs_Ctrl
P04083	ANXA1	ENSG00000135046	Down	Korfei11	IPF_vs_Ctrl
P30740	SERPINB1	ENSG00000021355	Down	Korfei11	IPF_vs_Ctrl
P28838	LAP3	ENSG00000002549	Up	Korfei11	IPF_vs_Ctrl
P30101	PDIA3	ENSG00000167004	Down	Korfei11	IPF_vs_Ctrl
P09467	FBP1	ENSG00000165140	Down	Korfei11	IPF_vs_Ctrl
P25788	PSMA3	ENSG00000100567	Up	Korfei11	IPF_vs_Ctrl
P13639	EEF2	ENSG00000167658	Down	Korfei11	IPF_vs_Ctrl
P11021	HSPA5	ENSG00000044574	Up	Korfei11	IPF_vs_Ctrl
P04406	GAPDH	ENSG00000111640	Up	Korfei11	IPF_vs_Ctrl
P26038	MSN	ENSG00000147065	Down	Korfei11	IPF_vs_Ctrl
P07355	ANXA2	ENSG00000182718	Down	Korfei11	IPF_vs_Ctrl
P02768	ALB	ENSG00000163631	Up	Korfei11	IPF_vs_Ctrl
P09493	TPM1	ENSG00000140416	Up	Korfei11	IPF_vs_Ctrl
P01024	C3	ENSG00000125730	Down	Korfei11	IPF_vs_Ctrl
P23284	PPIB	ENSG00000166794	Up	Korfei11	IPF_vs_Ctrl
Q01469	FABP5	ENSG00000164687	Down	Korfei11	IPF_vs_Ctrl
Q9NVA2	SEPTIN11	ENSG00000138758	Up	Korfei11	IPF_vs_Ctrl
P60174	TPI1	ENSG00000111669	Up	Korfei11	IPF_vs_Ctrl
P12429	ANXA3	ENSG00000138772	Down	Korfei11	IPF_vs_Ctrl
P00915	CA1	ENSG00000133742	Down	Korfei11	IPF_vs_Ctrl
P07451	CA3	ENSG00000164879	Up	Korfei11	IPF_vs_Ctrl
O00299	CLIC1	ENSG00000213719	Up	Korfei11	IPF_vs_Ctrl
P00558	PGK1	ENSG00000102144	Up	Korfei11	IPF_vs_Ctrl
Q13813	SPTAN1	ENSG00000197694	Up	Korfei11	IPF_vs_Ctrl
P14618	PKM	ENSG00000067225	Down	Korfei11	IPF_vs_Ctrl
P37837	TALDO1	ENSG00000177156	Down	Korfei11	IPF_vs_Ctrl
Q9UBX5	FBLN5	ENSG00000140092	Up	Korfei11	IPF_vs_Ctrl
P40926	MDH2	ENSG00000146701	Up	Korfei11	IPF_vs_Ctrl
P04792	HSPB1	ENSG00000106211	Up	Korfei11	IPF_vs_Ctrl
P07339	CTSD	ENSG00000117984	Down	Korfei11	IPF_vs_Ctrl
P00325	ADH1B	ENSG00000196616	Down	Korfei11	IPF_vs_Ctrl
P32119	PRDX2	ENSG00000167815	Down	Korfei11	IPF_vs_Ctrl
P25789	PSMA4	ENSG00000041357	Up	Korfei11	IPF_vs_Ctrl
Q04760	GLO1	ENSG00000124767	Down	Korfei11	IPF_vs_Ctrl
P37235	HPCAL1	ENSG00000115756	Down	Korfei11	IPF_vs_Ctrl
Q14764	MVP	ENSG00000013364	Down	Korfei11	IPF_vs_Ctrl
P68871	HBB	ENSG00000244734	Down	Korfei11	IPF_vs_Ctrl
P08238	HSP90AB1	ENSG00000096384	Up	Korfei11	IPF_vs_Ctrl
Q9NZA1	CLIC5	ENSG00000112782	Down	Korfei11	IPF_vs_Ctrl
P07900	HSP90AA1	ENSG00000080824	Up	Korfei11	IPF_vs_Ctrl
P50995	ANXA11	ENSG00000122359	Up	Korfei11	IPF_vs_Ctrl
P00367	GLUD1	ENSG00000148672	Up	Korfei11	IPF_vs_Ctrl
P62736	ACTA2	ENSG00000107796	Up	Korfei11	IPF_vs_Ctrl
P23141	CES1	ENSG00000198848	Up	Korfei11	IPF_vs_Ctrl
P01876	IGHA1	ENSG00000211895	Up	Korfei11	IPF_vs_Ctrl
P01857	IGHG1	ENSG00000211896	Up	Korfei11	IPF_vs_Ctrl
P06733	ENO1	ENSG00000074800	Down	Korfei11	IPF_vs_Ctrl
P21695	GPD1	ENSG00000167588	Down	Korfei11	IPF_vs_Ctrl
P68104	EEF1A1	ENSG00000156508	Down	Korfei11	IPF_vs_Ctrl
P62879	GNB2	ENSG00000172354	Down	Korfei11	IPF_vs_Ctrl
P18669	PGAM1	ENSG00000171314	Up	Korfei11	IPF_vs_Ctrl
P05787	KRT8	ENSG00000170421	Up	Korfei11	IPF_vs_Ctrl
P00338	LDHA	ENSG00000134333	Up	Korfei11	IPF_vs_Ctrl
P21796	VDAC1	ENSG00000213585	Up	Korfei11	IPF_vs_Ctrl
P04040	CAT	ENSG00000121691	Down	Korfei11	IPF_vs_Ctrl
Q16851	UGP2	ENSG00000169764	Up	Korfei11	IPF_vs_Ctrl
P13667	PDIA4	ENSG00000155660	Up	Korfei11	IPF_vs_Ctrl
P29401	TKT	ENSG00000163931	Down	Korfei11	IPF_vs_Ctrl
Q16531	DDB1	ENSG00000167986	Up	Korfei11	IPF_vs_Ctrl
Q01518	CAP1	ENSG00000131236	Up	Korfei11	IPF_vs_Ctrl
P09960	LTA4H	ENSG00000111144	Up	Korfei11	IPF_vs_Ctrl
P31948	STIP1	ENSG00000168439	Up	Korfei11	IPF_vs_Ctrl
P05091	ALDH2	ENSG00000111275	Down	Korfei11	IPF_vs_Ctrl
P02787	TF	ENSG00000091513	Up	Korfei11	IPF_vs_Ctrl
P62826	RAN	ENSG00000132341	Up	Korfei11	IPF_vs_Ctrl
Q13228	SELENBP1	ENSG00000143416	Down	Korfei11	IPF_vs_Ctrl
P06702	S100A9	ENSG00000163220	Down	Korfei11	IPF_vs_Ctrl
P05109	S100A8	ENSG00000143546	Down	Korfei11	IPF_vs_Ctrl
P10809	HSPD1	ENSG00000144381	Up	Korfei11	IPF_vs_Ctrl
P02545	LMNA	ENSG00000160789	Up	Korfei11	IPF_vs_Ctrl
P31939	ATIC	ENSG00000138363	Up	Korfei11	IPF_vs_Ctrl
P01833	PIGR	ENSG00000162896	Up	Korfei11	IPF_vs_Ctrl
P43034	PAFAH1B1	ENSG00000007168	Up	Korfei11	IPF_vs_Ctrl
P08727	KRT19	ENSG00000171345	Up	Korfei11	IPF_vs_Ctrl
Q99536	VAT1	ENSG00000108828	Down	Korfei11	IPF_vs_Ctrl
P52565	ARHGDIA	ENSG00000141522	Down	Korfei11	IPF_vs_Ctrl
Q9UGT4	SUSD2	ENSG00000099994	Down	Foster14	IPF_vs_Ctrl
Q96FE7	PIK3IP1	ENSG00000100100	Down	Foster14	IPF_vs_Ctrl
P12724	RNASE3	ENSG00000169397	Up	Foster14	IPF_vs_Ctrl
P10153	RNASE2	ENSG00000169385	Up	Foster14	IPF_vs_Ctrl
P24158	PRTN3	ENSG00000196415	Down	Foster14	IPF_vs_Ctrl
Q9P270	SLAIN2	ENSG00000109171	Down	Foster14	IPF_vs_Ctrl
Q9HAR2	ADGRL3	ENSG00000150471	Down	Foster14	IPF_vs_Ctrl
P02775	PPBP	ENSG00000163736	Up	Foster14	IPF_vs_Ctrl
P18206	VCL	ENSG00000035403	Up	Foster14	IPF_vs_Ctrl
P01911	HLA-DRB1	ENSG00000196126	Up	Foster14	IPF_vs_Ctrl
P10451	SPP1	ENSG00000118785	Up	Foster14	IPF_vs_Ctrl
P98088	MUC5AC	ENSG00000215182	Down	Foster14	IPF_vs_Ctrl
Q04760	GLO1	ENSG00000124767	Down	Foster14	IPF_vs_Ctrl
P04114	APOB	ENSG00000084674	Down	Foster14	IPF_vs_Ctrl
P12277	CKB	ENSG00000166165	Up	Foster14	IPF_vs_Ctrl
O15143	ARPC1B	ENSG00000130429	Up	Foster14	IPF_vs_Ctrl
P55064	AQP5	ENSG00000161798	Down	Foster14	IPF_vs_Ctrl
Q12800	TFCP2	ENSG00000135457	Down	Foster14	IPF_vs_Ctrl
Q9NQ79	CRTAC1	ENSG00000095713	Down	Foster14	IPF_vs_Ctrl
P05787	KRT8	ENSG00000170421	Up	Foster14	IPF_vs_Ctrl
P02675	FGB	ENSG00000171564	Up	Foster14	IPF_vs_Ctrl
Q9UKD2	MRTO4	ENSG00000053372	Up	Foster14	IPF_vs_Ctrl
P32320	CDA	ENSG00000158825	Up	Foster14	IPF_vs_Ctrl
P98160	HSPG2	ENSG00000142798	Up	Foster14	IPF_vs_Ctrl
Q01082	SPTBN1	ENSG00000115306	Down	Foster14	IPF_vs_Ctrl
Q05315	CLC	ENSG00000105205	Up	Foster14	IPF_vs_Ctrl
Q9Y266	NUDC	ENSG00000090273	Down	Foster14	IPF_vs_Ctrl
P40199	CEACAM6	ENSG00000086548	Up	Foster14	IPF_vs_Ctrl
P05155	SERPING1	ENSG00000149131	Down	Foster14	IPF_vs_Ctrl
Q9NZL3	ZNF224	ENSG00000267680	Down	Foster14	IPF_vs_Ctrl
Q7Z408	CSMD2	ENSG00000121904	Down	Foster14	IPF_vs_Ctrl
P52790	HK3	ENSG00000160883	Down	Foster14	IPF_vs_Ctrl
P02792	FTL	ENSG00000087086	Up	Foster14	IPF_vs_Ctrl
P02794	FTH1	ENSG00000167996	Up	Foster14	IPF_vs_Ctrl
P22894	MMP8	ENSG00000118113	Up	Foster14	IPF_vs_Ctrl
P24752	ACAT1	ENSG00000075239	Down	Foster14	IPF_vs_Ctrl
P02647	APOA1	ENSG00000118137	Down	Foster14	IPF_vs_Ctrl
Q96DX8	RTP4	ENSG00000136514	Down	Foster14	IPF_vs_Ctrl
P22792	CPN2	ENSG00000178772	Up	Foster14	IPF_vs_Ctrl
P06702	S100A9	ENSG00000163220	Up	Foster14	IPF_vs_Ctrl
P02786	TFRC	ENSG00000072274	Down	Foster14	IPF_vs_Ctrl
Q9Y624	F11R	ENSG00000158769	Down	Foster14	IPF_vs_Ctrl
Q86T82	USP37	ENSG00000135913	Down	Foster14	IPF_vs_Ctrl
Q03591	CFHR1	ENSG00000244414	Up	Foster14	IPF_vs_Ctrl
P12111	COL6A3	ENSG00000163359	Up	Foster14	IPF_vs_Ctrl
P01833	PIGR	ENSG00000162896	Down	Foster14	IPF_vs_Ctrl
Q6IQ49	SDE2	ENSG00000143751	Up	Foster14	IPF_vs_Ctrl
P55774	CCL18	ENSG00000275385	Up	Foster14	IPF_vs_Ctrl
Q9HBR0	SLC38A10	ENSG00000157637	Down	Foster14	IPF_vs_Ctrl
